{
"type": "FeatureCollection",
"name": "bizi_preliminar",
"crs": { "type": "name", "properties": { "name": "urn:ogc:def:crs:OGC:1.3:CRS84" } },
"features": [
{ "type": "Feature", "properties": { "id": "279", "about": "http://www.zaragoza.es/ciudad/viapublica/movilidad/bici/detalle_Bizi?oid=279", "title": "193- Pza. La Ermita", "estado": "IN_SERVICE", "estadoEstacion": "http://vocab.linkeddata.es/datosabiertos/kos/transporte/bicicleta-publica/tipo-estado-estacion/no-operativa", "address": "193- Pza. La Ermita", "tipoEquipamiento": "http://vocab.linkeddata.es/datosabiertos/kos/urbanismo-infraestructuras/equipamiento/tipo-equipamiento/estacion-de-bicicletas", "bicisDisponibles": 1, "anclajesDisponibles": 18, "lastUpdated": "2026-02-25T17:08:07Z", "description": "<ul><li>Estado: Operativa</li><li>Bicis disponibles: 1</li><li>Anclajes disponibles: 18</li></ul><p>Actualizado: 17:08</p>", "descripcion": "Datos de la estación bizi 193- Pza. La Ermita", "icon": "//www.zaragoza.es/contenidos/iconos/bizi/conbicis.png", "capacity": 19, "ratio_ocupacion": 0.052631578947368418 }, "geometry": { "type": "Point", "coordinates": [ -0.911215893796391, 41.631495402661677 ] } },
{ "type": "Feature", "properties": { "id": "278", "about": "http://www.zaragoza.es/ciudad/viapublica/movilidad/bici/detalle_Bizi?oid=278", "title": "270- Delicias Autobuses", "estado": "IN_SERVICE", "estadoEstacion": "http://vocab.linkeddata.es/datosabiertos/kos/transporte/bicicleta-publica/tipo-estado-estacion/no-operativa", "address": "270- Delicias Autobuses", "tipoEquipamiento": "http://vocab.linkeddata.es/datosabiertos/kos/urbanismo-infraestructuras/equipamiento/tipo-equipamiento/estacion-de-bicicletas", "bicisDisponibles": 0, "anclajesDisponibles": 19, "lastUpdated": "2026-02-25T17:08:07Z", "description": "<ul><li>Estado: Operativa</li><li>Bicis disponibles: 0</li><li>Anclajes disponibles: 19</li></ul><p>Actualizado: 17:08</p>", "descripcion": "Datos de la estación bizi 270- Delicias Autobuses", "icon": "//www.zaragoza.es/contenidos/iconos/bizi/sinbicis.png", "capacity": 19, "ratio_ocupacion": 0.0 }, "geometry": { "type": "Point", "coordinates": [ -0.910784171673237, 41.659517334579718 ] } },
{ "type": "Feature", "properties": { "id": "277", "about": "http://www.zaragoza.es/ciudad/viapublica/movilidad/bici/detalle_Bizi?oid=277", "title": "150- Mrio. Siresa: Dr. Iranzo", "estado": "IN_SERVICE", "estadoEstacion": "http://vocab.linkeddata.es/datosabiertos/kos/transporte/bicicleta-publica/tipo-estado-estacion/no-operativa", "address": "150- Mrio. Siresa: Dr. Iranzo", "tipoEquipamiento": "http://vocab.linkeddata.es/datosabiertos/kos/urbanismo-infraestructuras/equipamiento/tipo-equipamiento/estacion-de-bicicletas", "bicisDisponibles": 11, "anclajesDisponibles": 8, "lastUpdated": "2026-02-25T17:08:07Z", "description": "<ul><li>Estado: Operativa</li><li>Bicis disponibles: 11</li><li>Anclajes disponibles: 8</li></ul><p>Actualizado: 17:08</p>", "descripcion": "Datos de la estación bizi 150- Mrio. Siresa: Dr. Iranzo", "icon": "//www.zaragoza.es/contenidos/iconos/bizi/conbicis.png", "capacity": 19, "ratio_ocupacion": 0.57894736842105265 }, "geometry": { "type": "Point", "coordinates": [ -0.864099433067139, 41.647585566660169 ] } },
{ "type": "Feature", "properties": { "id": "274", "about": "http://www.zaragoza.es/ciudad/viapublica/movilidad/bici/detalle_Bizi?oid=274", "title": "190- Puerto Venecia Este", "estado": "IN_SERVICE", "estadoEstacion": "http://vocab.linkeddata.es/datosabiertos/kos/transporte/bicicleta-publica/tipo-estado-estacion/no-operativa", "address": "190- Puerto Venecia Este", "tipoEquipamiento": "http://vocab.linkeddata.es/datosabiertos/kos/urbanismo-infraestructuras/equipamiento/tipo-equipamiento/estacion-de-bicicletas", "bicisDisponibles": 26, "anclajesDisponibles": 15, "lastUpdated": "2026-02-25T17:08:07Z", "description": "<ul><li>Estado: Operativa</li><li>Bicis disponibles: 26</li><li>Anclajes disponibles: 15</li></ul><p>Actualizado: 17:08</p>", "descripcion": "Datos de la estación bizi 190- Puerto Venecia Este", "icon": "//www.zaragoza.es/contenidos/iconos/bizi/conbicis.png", "capacity": 41, "ratio_ocupacion": 0.63414634146341464 }, "geometry": { "type": "Point", "coordinates": [ -0.883953453804281, 41.608224994661036 ] } },
{ "type": "Feature", "properties": { "id": "273", "about": "http://www.zaragoza.es/ciudad/viapublica/movilidad/bici/detalle_Bizi?oid=273", "title": "224- Manuel Viola", "estado": "IN_SERVICE", "estadoEstacion": "http://vocab.linkeddata.es/datosabiertos/kos/transporte/bicicleta-publica/tipo-estado-estacion/no-operativa", "address": "224- Manuel Viola", "tipoEquipamiento": "http://vocab.linkeddata.es/datosabiertos/kos/urbanismo-infraestructuras/equipamiento/tipo-equipamiento/estacion-de-bicicletas", "bicisDisponibles": 3, "anclajesDisponibles": 16, "lastUpdated": "2026-02-25T17:08:07Z", "description": "<ul><li>Estado: Operativa</li><li>Bicis disponibles: 3</li><li>Anclajes disponibles: 16</li></ul><p>Actualizado: 17:08</p>", "descripcion": "Datos de la estación bizi 224- Manuel Viola", "icon": "//www.zaragoza.es/contenidos/iconos/bizi/conbicis.png", "capacity": 19, "ratio_ocupacion": 0.15789473684210525 }, "geometry": { "type": "Point", "coordinates": [ -0.857295132376856, 41.659139423511043 ] } },
{ "type": "Feature", "properties": { "id": "272", "about": "http://www.zaragoza.es/ciudad/viapublica/movilidad/bici/detalle_Bizi?oid=272", "title": "189- Puerto Venecia Oeste", "estado": "IN_SERVICE", "estadoEstacion": "http://vocab.linkeddata.es/datosabiertos/kos/transporte/bicicleta-publica/tipo-estado-estacion/no-operativa", "address": "189- Puerto Venecia Oeste", "tipoEquipamiento": "http://vocab.linkeddata.es/datosabiertos/kos/urbanismo-infraestructuras/equipamiento/tipo-equipamiento/estacion-de-bicicletas", "bicisDisponibles": 9, "anclajesDisponibles": 30, "lastUpdated": "2026-02-25T17:08:07Z", "description": "<ul><li>Estado: Operativa</li><li>Bicis disponibles: 9</li><li>Anclajes disponibles: 30</li></ul><p>Actualizado: 17:08</p>", "descripcion": "Datos de la estación bizi 189- Puerto Venecia Oeste", "icon": "//www.zaragoza.es/contenidos/iconos/bizi/conbicis.png", "capacity": 39, "ratio_ocupacion": 0.23076923076923078 }, "geometry": { "type": "Point", "coordinates": [ -0.890212448901311, 41.608772100822421 ] } },
{ "type": "Feature", "properties": { "id": "271", "about": "http://www.zaragoza.es/ciudad/viapublica/movilidad/bici/detalle_Bizi?oid=271", "title": "142- Ávila: Valencia", "estado": "IN_SERVICE", "estadoEstacion": "http://vocab.linkeddata.es/datosabiertos/kos/transporte/bicicleta-publica/tipo-estado-estacion/no-operativa", "address": "142- Ávila: Valencia", "tipoEquipamiento": "http://vocab.linkeddata.es/datosabiertos/kos/urbanismo-infraestructuras/equipamiento/tipo-equipamiento/estacion-de-bicicletas", "bicisDisponibles": 1, "anclajesDisponibles": 18, "lastUpdated": "2026-02-25T17:08:07Z", "description": "<ul><li>Estado: Operativa</li><li>Bicis disponibles: 1</li><li>Anclajes disponibles: 18</li></ul><p>Actualizado: 17:08</p>", "descripcion": "Datos de la estación bizi 142- Ávila: Valencia", "icon": "//www.zaragoza.es/contenidos/iconos/bizi/conbicis.png", "capacity": 19, "ratio_ocupacion": 0.052631578947368418 }, "geometry": { "type": "Point", "coordinates": [ -0.89683349181525, 41.646520131157359 ] } },
{ "type": "Feature", "properties": { "id": "270", "about": "http://www.zaragoza.es/ciudad/viapublica/movilidad/bici/detalle_Bizi?oid=270", "title": "22- Delicias Llegadas", "estado": "IN_SERVICE", "estadoEstacion": "http://vocab.linkeddata.es/datosabiertos/kos/transporte/bicicleta-publica/tipo-estado-estacion/no-operativa", "address": "22- Delicias Llegadas", "tipoEquipamiento": "http://vocab.linkeddata.es/datosabiertos/kos/urbanismo-infraestructuras/equipamiento/tipo-equipamiento/estacion-de-bicicletas", "bicisDisponibles": 0, "anclajesDisponibles": 19, "lastUpdated": "2026-02-25T17:08:07Z", "description": "<ul><li>Estado: Operativa</li><li>Bicis disponibles: 0</li><li>Anclajes disponibles: 19</li></ul><p>Actualizado: 17:08</p>", "descripcion": "Datos de la estación bizi 22- Delicias Llegadas", "icon": "//www.zaragoza.es/contenidos/iconos/bizi/sinbicis.png", "capacity": 19, "ratio_ocupacion": 0.0 }, "geometry": { "type": "Point", "coordinates": [ -0.913847189161412, 41.658983382847985 ] } },
{ "type": "Feature", "properties": { "id": "269", "about": "http://www.zaragoza.es/ciudad/viapublica/movilidad/bici/detalle_Bizi?oid=269", "title": "263- Avda. Real Zaragoza", "estado": "IN_SERVICE", "estadoEstacion": "http://vocab.linkeddata.es/datosabiertos/kos/transporte/bicicleta-publica/tipo-estado-estacion/no-operativa", "address": "263- Avda. Real Zaragoza", "tipoEquipamiento": "http://vocab.linkeddata.es/datosabiertos/kos/urbanismo-infraestructuras/equipamiento/tipo-equipamiento/estacion-de-bicicletas", "bicisDisponibles": 5, "anclajesDisponibles": 14, "lastUpdated": "2026-02-25T17:08:07Z", "description": "<ul><li>Estado: Operativa</li><li>Bicis disponibles: 5</li><li>Anclajes disponibles: 14</li></ul><p>Actualizado: 17:08</p>", "descripcion": "Datos de la estación bizi 263- Avda. Real Zaragoza", "icon": "//www.zaragoza.es/contenidos/iconos/bizi/conbicis.png", "capacity": 19, "ratio_ocupacion": 0.26315789473684209 }, "geometry": { "type": "Point", "coordinates": [ -0.82310294724753, 41.667016786511851 ] } },
{ "type": "Feature", "properties": { "id": "268", "about": "http://www.zaragoza.es/ciudad/viapublica/movilidad/bici/detalle_Bizi?oid=268", "title": "147- Norte: Iglesia", "estado": "IN_SERVICE", "estadoEstacion": "http://vocab.linkeddata.es/datosabiertos/kos/transporte/bicicleta-publica/tipo-estado-estacion/no-operativa", "address": "147- Norte: Iglesia", "tipoEquipamiento": "http://vocab.linkeddata.es/datosabiertos/kos/urbanismo-infraestructuras/equipamiento/tipo-equipamiento/estacion-de-bicicletas", "bicisDisponibles": 6, "anclajesDisponibles": 13, "lastUpdated": "2026-02-25T17:08:07Z", "description": "<ul><li>Estado: Operativa</li><li>Bicis disponibles: 6</li><li>Anclajes disponibles: 13</li></ul><p>Actualizado: 17:08</p>", "descripcion": "Datos de la estación bizi 147- Norte: Iglesia", "icon": "//www.zaragoza.es/contenidos/iconos/bizi/conbicis.png", "capacity": 19, "ratio_ocupacion": 0.31578947368421051 }, "geometry": { "type": "Point", "coordinates": [ -0.830297877356005, 41.66935191352421 ] } },
{ "type": "Feature", "properties": { "id": "267", "about": "http://www.zaragoza.es/ciudad/viapublica/movilidad/bici/detalle_Bizi?oid=267", "title": "144- Ostáriz Forcén: Brazal", "estado": "IN_SERVICE", "estadoEstacion": "http://vocab.linkeddata.es/datosabiertos/kos/transporte/bicicleta-publica/tipo-estado-estacion/no-operativa", "address": "144- Ostáriz Forcén: Brazal", "tipoEquipamiento": "http://vocab.linkeddata.es/datosabiertos/kos/urbanismo-infraestructuras/equipamiento/tipo-equipamiento/estacion-de-bicicletas", "bicisDisponibles": 12, "anclajesDisponibles": 7, "lastUpdated": "2026-02-25T17:08:07Z", "description": "<ul><li>Estado: Operativa</li><li>Bicis disponibles: 12</li><li>Anclajes disponibles: 7</li></ul><p>Actualizado: 17:08</p>", "descripcion": "Datos de la estación bizi 144- Ostáriz Forcén: Brazal", "icon": "//www.zaragoza.es/contenidos/iconos/bizi/conbicis.png", "capacity": 19, "ratio_ocupacion": 0.63157894736842102 }, "geometry": { "type": "Point", "coordinates": [ -0.83377188042152, 41.669130977451111 ] } },
{ "type": "Feature", "properties": { "id": "266", "about": "http://www.zaragoza.es/ciudad/viapublica/movilidad/bici/detalle_Bizi?oid=266", "title": "143- Sta. Isabel: Víctor Jara", "estado": "IN_SERVICE", "estadoEstacion": "http://vocab.linkeddata.es/datosabiertos/kos/transporte/bicicleta-publica/tipo-estado-estacion/no-operativa", "address": "143- Sta. Isabel: Víctor Jara", "tipoEquipamiento": "http://vocab.linkeddata.es/datosabiertos/kos/urbanismo-infraestructuras/equipamiento/tipo-equipamiento/estacion-de-bicicletas", "bicisDisponibles": 11, "anclajesDisponibles": 11, "lastUpdated": "2026-02-25T17:08:07Z", "description": "<ul><li>Estado: Operativa</li><li>Bicis disponibles: 11</li><li>Anclajes disponibles: 11</li></ul><p>Actualizado: 17:08</p>", "descripcion": "Datos de la estación bizi 143- Sta. Isabel: Víctor Jara", "icon": "//www.zaragoza.es/contenidos/iconos/bizi/conbicis.png", "capacity": 22, "ratio_ocupacion": 0.5 }, "geometry": { "type": "Point", "coordinates": [ -0.838465868962357, 41.669403062666184 ] } },
{ "type": "Feature", "properties": { "id": "265", "about": "http://www.zaragoza.es/ciudad/viapublica/movilidad/bici/detalle_Bizi?oid=265", "title": "232- Cañones Zaragoza: Tella", "estado": "IN_SERVICE", "estadoEstacion": "http://vocab.linkeddata.es/datosabiertos/kos/transporte/bicicleta-publica/tipo-estado-estacion/no-operativa", "address": "232- Cañones Zaragoza: Tella", "tipoEquipamiento": "http://vocab.linkeddata.es/datosabiertos/kos/urbanismo-infraestructuras/equipamiento/tipo-equipamiento/estacion-de-bicicletas", "bicisDisponibles": 0, "anclajesDisponibles": 19, "lastUpdated": "2026-02-25T17:08:07Z", "description": "<ul><li>Estado: Operativa</li><li>Bicis disponibles: 0</li><li>Anclajes disponibles: 19</li></ul><p>Actualizado: 17:08</p>", "descripcion": "Datos de la estación bizi 232- Cañones Zaragoza: Tella", "icon": "//www.zaragoza.es/contenidos/iconos/bizi/sinbicis.png", "capacity": 19, "ratio_ocupacion": 0.0 }, "geometry": { "type": "Point", "coordinates": [ -0.95312118303482, 41.622378055827198 ] } },
{ "type": "Feature", "properties": { "id": "264", "about": "http://www.zaragoza.es/ciudad/viapublica/movilidad/bici/detalle_Bizi?oid=264", "title": "222- Americano París: Jard. Alá", "estado": "IN_SERVICE", "estadoEstacion": "http://vocab.linkeddata.es/datosabiertos/kos/transporte/bicicleta-publica/tipo-estado-estacion/no-operativa", "address": "222- Americano París: Jard. Alá", "tipoEquipamiento": "http://vocab.linkeddata.es/datosabiertos/kos/urbanismo-infraestructuras/equipamiento/tipo-equipamiento/estacion-de-bicicletas", "bicisDisponibles": 17, "anclajesDisponibles": 2, "lastUpdated": "2026-02-25T17:08:07Z", "description": "<ul><li>Estado: Operativa</li><li>Bicis disponibles: 17</li><li>Anclajes disponibles: 2</li></ul><p>Actualizado: 17:08</p>", "descripcion": "Datos de la estación bizi 222- Americano París: Jard. Alá", "icon": "//www.zaragoza.es/contenidos/iconos/bizi/conbicis.png", "capacity": 19, "ratio_ocupacion": 0.89473684210526316 }, "geometry": { "type": "Point", "coordinates": [ -0.936169764212949, 41.624186205977644 ] } },
{ "type": "Feature", "properties": { "id": "263", "about": "http://www.zaragoza.es/ciudad/viapublica/movilidad/bici/detalle_Bizi?oid=263", "title": "146- Pza. Serrano Berges", "estado": "IN_SERVICE", "estadoEstacion": "http://vocab.linkeddata.es/datosabiertos/kos/transporte/bicicleta-publica/tipo-estado-estacion/no-operativa", "address": "146- Pza. Serrano Berges", "tipoEquipamiento": "http://vocab.linkeddata.es/datosabiertos/kos/urbanismo-infraestructuras/equipamiento/tipo-equipamiento/estacion-de-bicicletas", "bicisDisponibles": 15, "anclajesDisponibles": 1, "lastUpdated": "2026-02-25T17:08:07Z", "description": "<ul><li>Estado: Operativa</li><li>Bicis disponibles: 15</li><li>Anclajes disponibles: 1</li></ul><p>Actualizado: 17:08</p>", "descripcion": "Datos de la estación bizi 146- Pza. Serrano Berges", "icon": "//www.zaragoza.es/contenidos/iconos/bizi/conbicis.png", "capacity": 16, "ratio_ocupacion": 0.9375 }, "geometry": { "type": "Point", "coordinates": [ -0.8313169429906, 41.666918937024626 ] } },
{ "type": "Feature", "properties": { "id": "262", "about": "http://www.zaragoza.es/ciudad/viapublica/movilidad/bici/detalle_Bizi?oid=262", "title": "145- Avda. Estudiantes", "estado": "IN_SERVICE", "estadoEstacion": "http://vocab.linkeddata.es/datosabiertos/kos/transporte/bicicleta-publica/tipo-estado-estacion/no-operativa", "address": "145- Avda. Estudiantes", "tipoEquipamiento": "http://vocab.linkeddata.es/datosabiertos/kos/urbanismo-infraestructuras/equipamiento/tipo-equipamiento/estacion-de-bicicletas", "bicisDisponibles": 4, "anclajesDisponibles": 14, "lastUpdated": "2026-02-25T17:08:07Z", "description": "<ul><li>Estado: Operativa</li><li>Bicis disponibles: 4</li><li>Anclajes disponibles: 14</li></ul><p>Actualizado: 17:08</p>", "descripcion": "Datos de la estación bizi 145- Avda. Estudiantes", "icon": "//www.zaragoza.es/contenidos/iconos/bizi/conbicis.png", "capacity": 18, "ratio_ocupacion": 0.22222222222222221 }, "geometry": { "type": "Point", "coordinates": [ -0.830663797659839, 41.672255914400246 ] } },
{ "type": "Feature", "properties": { "id": "261", "about": "http://www.zaragoza.es/ciudad/viapublica/movilidad/bici/detalle_Bizi?oid=261", "title": "227- Patio Naranjos: Rolando", "estado": "IN_SERVICE", "estadoEstacion": "http://vocab.linkeddata.es/datosabiertos/kos/transporte/bicicleta-publica/tipo-estado-estacion/no-operativa", "address": "227- Patio Naranjos: Rolando", "tipoEquipamiento": "http://vocab.linkeddata.es/datosabiertos/kos/urbanismo-infraestructuras/equipamiento/tipo-equipamiento/estacion-de-bicicletas", "bicisDisponibles": 0, "anclajesDisponibles": 17, "lastUpdated": "2026-02-25T17:08:07Z", "description": "<ul><li>Estado: Operativa</li><li>Bicis disponibles: 0</li><li>Anclajes disponibles: 17</li></ul><p>Actualizado: 17:08</p>", "descripcion": "Datos de la estación bizi 227- Patio Naranjos: Rolando", "icon": "//www.zaragoza.es/contenidos/iconos/bizi/sinbicis.png", "capacity": 17, "ratio_ocupacion": 0.0 }, "geometry": { "type": "Point", "coordinates": [ -0.948898171529247, 41.622608991544055 ] } },
{ "type": "Feature", "properties": { "id": "260", "about": "http://www.zaragoza.es/ciudad/viapublica/movilidad/bici/detalle_Bizi?oid=260", "title": "217- Isla Tesoro: Resplandor", "estado": "IN_SERVICE", "estadoEstacion": "http://vocab.linkeddata.es/datosabiertos/kos/transporte/bicicleta-publica/tipo-estado-estacion/no-operativa", "address": "217- Isla Tesoro: Resplandor", "tipoEquipamiento": "http://vocab.linkeddata.es/datosabiertos/kos/urbanismo-infraestructuras/equipamiento/tipo-equipamiento/estacion-de-bicicletas", "bicisDisponibles": 2, "anclajesDisponibles": 17, "lastUpdated": "2026-02-25T17:08:07Z", "description": "<ul><li>Estado: Operativa</li><li>Bicis disponibles: 2</li><li>Anclajes disponibles: 17</li></ul><p>Actualizado: 17:08</p>", "descripcion": "Datos de la estación bizi 217- Isla Tesoro: Resplandor", "icon": "//www.zaragoza.es/contenidos/iconos/bizi/conbicis.png", "capacity": 19, "ratio_ocupacion": 0.10526315789473684 }, "geometry": { "type": "Point", "coordinates": [ -0.927343093215692, 41.624555661698274 ] } },
{ "type": "Feature", "properties": { "id": "259", "about": "http://www.zaragoza.es/ciudad/viapublica/movilidad/bici/detalle_Bizi?oid=259", "title": "215- Veracruz: Manhattan", "estado": "IN_SERVICE", "estadoEstacion": "http://vocab.linkeddata.es/datosabiertos/kos/transporte/bicicleta-publica/tipo-estado-estacion/no-operativa", "address": "215- Veracruz: Manhattan", "tipoEquipamiento": "http://vocab.linkeddata.es/datosabiertos/kos/urbanismo-infraestructuras/equipamiento/tipo-equipamiento/estacion-de-bicicletas", "bicisDisponibles": 4, "anclajesDisponibles": 14, "lastUpdated": "2026-02-25T17:08:07Z", "description": "<ul><li>Estado: Operativa</li><li>Bicis disponibles: 4</li><li>Anclajes disponibles: 14</li></ul><p>Actualizado: 17:08</p>", "descripcion": "Datos de la estación bizi 215- Veracruz: Manhattan", "icon": "//www.zaragoza.es/contenidos/iconos/bizi/conbicis.png", "capacity": 18, "ratio_ocupacion": 0.22222222222222221 }, "geometry": { "type": "Point", "coordinates": [ -0.927420181711273, 41.621123669904861 ] } },
{ "type": "Feature", "properties": { "id": "258", "about": "http://www.zaragoza.es/ciudad/viapublica/movilidad/bici/detalle_Bizi?oid=258", "title": "213- Pza. Edad de Oro", "estado": "IN_SERVICE", "estadoEstacion": "http://vocab.linkeddata.es/datosabiertos/kos/transporte/bicicleta-publica/tipo-estado-estacion/no-operativa", "address": "213- Pza. Edad de Oro", "tipoEquipamiento": "http://vocab.linkeddata.es/datosabiertos/kos/urbanismo-infraestructuras/equipamiento/tipo-equipamiento/estacion-de-bicicletas", "bicisDisponibles": 8, "anclajesDisponibles": 11, "lastUpdated": "2026-02-25T17:08:07Z", "description": "<ul><li>Estado: Operativa</li><li>Bicis disponibles: 8</li><li>Anclajes disponibles: 11</li></ul><p>Actualizado: 17:08</p>", "descripcion": "Datos de la estación bizi 213- Pza. Edad de Oro", "icon": "//www.zaragoza.es/contenidos/iconos/bizi/conbicis.png", "capacity": 19, "ratio_ocupacion": 0.42105263157894735 }, "geometry": { "type": "Point", "coordinates": [ -0.925056286556725, 41.616931642854958 ] } },
{ "type": "Feature", "properties": { "id": "257", "about": "http://www.zaragoza.es/ciudad/viapublica/movilidad/bici/detalle_Bizi?oid=257", "title": "221- Casablanca: L. Schindler", "estado": "IN_SERVICE", "estadoEstacion": "http://vocab.linkeddata.es/datosabiertos/kos/transporte/bicicleta-publica/tipo-estado-estacion/no-operativa", "address": "221- Casablanca: L. Schindler", "tipoEquipamiento": "http://vocab.linkeddata.es/datosabiertos/kos/urbanismo-infraestructuras/equipamiento/tipo-equipamiento/estacion-de-bicicletas", "bicisDisponibles": 3, "anclajesDisponibles": 16, "lastUpdated": "2026-02-25T17:08:07Z", "description": "<ul><li>Estado: Operativa</li><li>Bicis disponibles: 3</li><li>Anclajes disponibles: 16</li></ul><p>Actualizado: 17:08</p>", "descripcion": "Datos de la estación bizi 221- Casablanca: L. Schindler", "icon": "//www.zaragoza.es/contenidos/iconos/bizi/conbicis.png", "capacity": 19, "ratio_ocupacion": 0.15789473684210525 }, "geometry": { "type": "Point", "coordinates": [ -0.933913382869874, 41.621407977412929 ] } },
{ "type": "Feature", "properties": { "id": "256", "about": "http://www.zaragoza.es/ciudad/viapublica/movilidad/bici/detalle_Bizi?oid=256", "title": "220- Isla del Tesoro: Titanic", "estado": "IN_SERVICE", "estadoEstacion": "http://vocab.linkeddata.es/datosabiertos/kos/transporte/bicicleta-publica/tipo-estado-estacion/no-operativa", "address": "220- Isla del Tesoro: Titanic", "tipoEquipamiento": "http://vocab.linkeddata.es/datosabiertos/kos/urbanismo-infraestructuras/equipamiento/tipo-equipamiento/estacion-de-bicicletas", "bicisDisponibles": 0, "anclajesDisponibles": 21, "lastUpdated": "2026-02-25T17:08:07Z", "description": "<ul><li>Estado: Operativa</li><li>Bicis disponibles: 0</li><li>Anclajes disponibles: 21</li></ul><p>Actualizado: 17:08</p>", "descripcion": "Datos de la estación bizi 220- Isla del Tesoro: Titanic", "icon": "//www.zaragoza.es/contenidos/iconos/bizi/sinbicis.png", "capacity": 21, "ratio_ocupacion": 0.0 }, "geometry": { "type": "Point", "coordinates": [ -0.931042306456301, 41.625392535966888 ] } },
{ "type": "Feature", "properties": { "id": "255", "about": "http://www.zaragoza.es/ciudad/viapublica/movilidad/bici/detalle_Bizi?oid=255", "title": "219- Tomás Lezáun: Ilustración", "estado": "IN_SERVICE", "estadoEstacion": "http://vocab.linkeddata.es/datosabiertos/kos/transporte/bicicleta-publica/tipo-estado-estacion/no-operativa", "address": "219- Tomás Lezáun: Ilustración", "tipoEquipamiento": "http://vocab.linkeddata.es/datosabiertos/kos/urbanismo-infraestructuras/equipamiento/tipo-equipamiento/estacion-de-bicicletas", "bicisDisponibles": 2, "anclajesDisponibles": 17, "lastUpdated": "2026-02-25T17:08:07Z", "description": "<ul><li>Estado: Operativa</li><li>Bicis disponibles: 2</li><li>Anclajes disponibles: 17</li></ul><p>Actualizado: 17:08</p>", "descripcion": "Datos de la estación bizi 219- Tomás Lezáun: Ilustración", "icon": "//www.zaragoza.es/contenidos/iconos/bizi/conbicis.png", "capacity": 19, "ratio_ocupacion": 0.10526315789473684 }, "geometry": { "type": "Point", "coordinates": [ -0.931812964081549, 41.629791718723268 ] } },
{ "type": "Feature", "properties": { "id": "254", "about": "http://www.zaragoza.es/ciudad/viapublica/movilidad/bici/detalle_Bizi?oid=254", "title": "218- Desayuno Diamantes", "estado": "IN_SERVICE", "estadoEstacion": "http://vocab.linkeddata.es/datosabiertos/kos/transporte/bicicleta-publica/tipo-estado-estacion/no-operativa", "address": "218- Desayuno Diamantes", "tipoEquipamiento": "http://vocab.linkeddata.es/datosabiertos/kos/urbanismo-infraestructuras/equipamiento/tipo-equipamiento/estacion-de-bicicletas", "bicisDisponibles": 3, "anclajesDisponibles": 15, "lastUpdated": "2026-02-25T17:08:07Z", "description": "<ul><li>Estado: Operativa</li><li>Bicis disponibles: 3</li><li>Anclajes disponibles: 15</li></ul><p>Actualizado: 17:08</p>", "descripcion": "Datos de la estación bizi 218- Desayuno Diamantes", "icon": "//www.zaragoza.es/contenidos/iconos/bizi/conbicis.png", "capacity": 18, "ratio_ocupacion": 0.16666666666666666 }, "geometry": { "type": "Point", "coordinates": [ -0.929784757381422, 41.622964381876727 ] } },
{ "type": "Feature", "properties": { "id": "253", "about": "http://www.zaragoza.es/ciudad/viapublica/movilidad/bici/detalle_Bizi?oid=253", "title": "233- 21 de Junio: Miguelete", "estado": "IN_SERVICE", "estadoEstacion": "http://vocab.linkeddata.es/datosabiertos/kos/transporte/bicicleta-publica/tipo-estado-estacion/no-operativa", "address": "233- 21 de Junio: Miguelete", "tipoEquipamiento": "http://vocab.linkeddata.es/datosabiertos/kos/urbanismo-infraestructuras/equipamiento/tipo-equipamiento/estacion-de-bicicletas", "bicisDisponibles": 6, "anclajesDisponibles": 13, "lastUpdated": "2026-02-25T17:08:07Z", "description": "<ul><li>Estado: Operativa</li><li>Bicis disponibles: 6</li><li>Anclajes disponibles: 13</li></ul><p>Actualizado: 17:08</p>", "descripcion": "Datos de la estación bizi 233- 21 de Junio: Miguelete", "icon": "//www.zaragoza.es/contenidos/iconos/bizi/conbicis.png", "capacity": 19, "ratio_ocupacion": 0.31578947368421051 }, "geometry": { "type": "Point", "coordinates": [ -0.957718104641747, 41.625648119331188 ] } },
{ "type": "Feature", "properties": { "id": "252", "about": "http://www.zaragoza.es/ciudad/viapublica/movilidad/bici/detalle_Bizi?oid=252", "title": "231- Heroínas Sitios: Gómara", "estado": "IN_SERVICE", "estadoEstacion": "http://vocab.linkeddata.es/datosabiertos/kos/transporte/bicicleta-publica/tipo-estado-estacion/no-operativa", "address": "231- Heroínas Sitios: Gómara", "tipoEquipamiento": "http://vocab.linkeddata.es/datosabiertos/kos/urbanismo-infraestructuras/equipamiento/tipo-equipamiento/estacion-de-bicicletas", "bicisDisponibles": 8, "anclajesDisponibles": 11, "lastUpdated": "2026-02-25T17:08:07Z", "description": "<ul><li>Estado: Operativa</li><li>Bicis disponibles: 8</li><li>Anclajes disponibles: 11</li></ul><p>Actualizado: 17:08</p>", "descripcion": "Datos de la estación bizi 231- Heroínas Sitios: Gómara", "icon": "//www.zaragoza.es/contenidos/iconos/bizi/conbicis.png", "capacity": 19, "ratio_ocupacion": 0.42105263157894735 }, "geometry": { "type": "Point", "coordinates": [ -0.9623230609169, 41.627574185593993 ] } },
{ "type": "Feature", "properties": { "id": "251", "about": "http://www.zaragoza.es/ciudad/viapublica/movilidad/bici/detalle_Bizi?oid=251", "title": "216- Ilustración: Jovellanos", "estado": "IN_SERVICE", "estadoEstacion": "http://vocab.linkeddata.es/datosabiertos/kos/transporte/bicicleta-publica/tipo-estado-estacion/no-operativa", "address": "216- Ilustración: Jovellanos", "tipoEquipamiento": "http://vocab.linkeddata.es/datosabiertos/kos/urbanismo-infraestructuras/equipamiento/tipo-equipamiento/estacion-de-bicicletas", "bicisDisponibles": 4, "anclajesDisponibles": 14, "lastUpdated": "2026-02-25T17:08:07Z", "description": "<ul><li>Estado: Operativa</li><li>Bicis disponibles: 4</li><li>Anclajes disponibles: 14</li></ul><p>Actualizado: 17:08</p>", "descripcion": "Datos de la estación bizi 216- Ilustración: Jovellanos", "icon": "//www.zaragoza.es/contenidos/iconos/bizi/conbicis.png", "capacity": 18, "ratio_ocupacion": 0.22222222222222221 }, "geometry": { "type": "Point", "coordinates": [ -0.92592001201153, 41.627636633804855 ] } },
{ "type": "Feature", "properties": { "id": "250", "about": "http://www.zaragoza.es/ciudad/viapublica/movilidad/bici/detalle_Bizi?oid=250", "title": "212- Los Olvidados: Shangai", "estado": "IN_SERVICE", "estadoEstacion": "http://vocab.linkeddata.es/datosabiertos/kos/transporte/bicicleta-publica/tipo-estado-estacion/no-operativa", "address": "212- Los Olvidados: Shangai", "tipoEquipamiento": "http://vocab.linkeddata.es/datosabiertos/kos/urbanismo-infraestructuras/equipamiento/tipo-equipamiento/estacion-de-bicicletas", "bicisDisponibles": 8, "anclajesDisponibles": 10, "lastUpdated": "2026-02-25T17:08:07Z", "description": "<ul><li>Estado: Operativa</li><li>Bicis disponibles: 8</li><li>Anclajes disponibles: 10</li></ul><p>Actualizado: 17:08</p>", "descripcion": "Datos de la estación bizi 212- Los Olvidados: Shangai", "icon": "//www.zaragoza.es/contenidos/iconos/bizi/conbicis.png", "capacity": 18, "ratio_ocupacion": 0.44444444444444442 }, "geometry": { "type": "Point", "coordinates": [ -0.922575238798007, 41.618660601860846 ] } },
{ "type": "Feature", "properties": { "id": "249", "about": "http://www.zaragoza.es/ciudad/viapublica/movilidad/bici/detalle_Bizi?oid=249", "title": "230- Beethoven: Schubert", "estado": "IN_SERVICE", "estadoEstacion": "http://vocab.linkeddata.es/datosabiertos/kos/transporte/bicicleta-publica/tipo-estado-estacion/no-operativa", "address": "230- Beethoven: Schubert", "tipoEquipamiento": "http://vocab.linkeddata.es/datosabiertos/kos/urbanismo-infraestructuras/equipamiento/tipo-equipamiento/estacion-de-bicicletas", "bicisDisponibles": 4, "anclajesDisponibles": 15, "lastUpdated": "2026-02-25T17:08:07Z", "description": "<ul><li>Estado: Operativa</li><li>Bicis disponibles: 4</li><li>Anclajes disponibles: 15</li></ul><p>Actualizado: 17:08</p>", "descripcion": "Datos de la estación bizi 230- Beethoven: Schubert", "icon": "//www.zaragoza.es/contenidos/iconos/bizi/conbicis.png", "capacity": 19, "ratio_ocupacion": 0.21052631578947367 }, "geometry": { "type": "Point", "coordinates": [ -0.948350731885643, 41.639613950793688 ] } },
{ "type": "Feature", "properties": { "id": "248", "about": "http://www.zaragoza.es/ciudad/viapublica/movilidad/bici/detalle_Bizi?oid=248", "title": "214- Ciud. Kane: Los Pájaros", "estado": "IN_SERVICE", "estadoEstacion": "http://vocab.linkeddata.es/datosabiertos/kos/transporte/bicicleta-publica/tipo-estado-estacion/no-operativa", "address": "214- Ciud. Kane: Los Pájaros", "tipoEquipamiento": "http://vocab.linkeddata.es/datosabiertos/kos/urbanismo-infraestructuras/equipamiento/tipo-equipamiento/estacion-de-bicicletas", "bicisDisponibles": 1, "anclajesDisponibles": 18, "lastUpdated": "2026-02-25T17:08:07Z", "description": "<ul><li>Estado: Operativa</li><li>Bicis disponibles: 1</li><li>Anclajes disponibles: 18</li></ul><p>Actualizado: 17:08</p>", "descripcion": "Datos de la estación bizi 214- Ciud. Kane: Los Pájaros", "icon": "//www.zaragoza.es/contenidos/iconos/bizi/conbicis.png", "capacity": 19, "ratio_ocupacion": 0.052631578947368418 }, "geometry": { "type": "Point", "coordinates": [ -0.923790161916088, 41.621708613864605 ] } },
{ "type": "Feature", "properties": { "id": "247", "about": "http://www.zaragoza.es/ciudad/viapublica/movilidad/bici/detalle_Bizi?oid=247", "title": "211- Los Olvidados: Mercado", "estado": "IN_SERVICE", "estadoEstacion": "http://vocab.linkeddata.es/datosabiertos/kos/transporte/bicicleta-publica/tipo-estado-estacion/no-operativa", "address": "211- Los Olvidados: Mercado", "tipoEquipamiento": "http://vocab.linkeddata.es/datosabiertos/kos/urbanismo-infraestructuras/equipamiento/tipo-equipamiento/estacion-de-bicicletas", "bicisDisponibles": 3, "anclajesDisponibles": 16, "lastUpdated": "2026-02-25T17:08:07Z", "description": "<ul><li>Estado: Operativa</li><li>Bicis disponibles: 3</li><li>Anclajes disponibles: 16</li></ul><p>Actualizado: 17:08</p>", "descripcion": "Datos de la estación bizi 211- Los Olvidados: Mercado", "icon": "//www.zaragoza.es/contenidos/iconos/bizi/conbicis.png", "capacity": 19, "ratio_ocupacion": 0.15789473684210525 }, "geometry": { "type": "Point", "coordinates": [ -0.91977615203549, 41.621889552844863 ] } },
{ "type": "Feature", "properties": { "id": "246", "about": "http://www.zaragoza.es/ciudad/viapublica/movilidad/bici/detalle_Bizi?oid=246", "title": "229- J. Rodrigo: Beethoven ", "estado": "IN_SERVICE", "estadoEstacion": "http://vocab.linkeddata.es/datosabiertos/kos/transporte/bicicleta-publica/tipo-estado-estacion/no-operativa", "address": "229- J. Rodrigo: Beethoven ", "tipoEquipamiento": "http://vocab.linkeddata.es/datosabiertos/kos/urbanismo-infraestructuras/equipamiento/tipo-equipamiento/estacion-de-bicicletas", "bicisDisponibles": 1, "anclajesDisponibles": 18, "lastUpdated": "2026-02-25T17:08:07Z", "description": "<ul><li>Estado: Operativa</li><li>Bicis disponibles: 1</li><li>Anclajes disponibles: 18</li></ul><p>Actualizado: 17:08</p>", "descripcion": "Datos de la estación bizi 229- J. Rodrigo: Beethoven ", "icon": "//www.zaragoza.es/contenidos/iconos/bizi/conbicis.png", "capacity": 19, "ratio_ocupacion": 0.052631578947368418 }, "geometry": { "type": "Point", "coordinates": [ -0.945909768299212, 41.638082916552911 ] } },
{ "type": "Feature", "properties": { "id": "245", "about": "http://www.zaragoza.es/ciudad/viapublica/movilidad/bici/detalle_Bizi?oid=245", "title": "228- Wagner: Beethoven", "estado": "IN_SERVICE", "estadoEstacion": "http://vocab.linkeddata.es/datosabiertos/kos/transporte/bicicleta-publica/tipo-estado-estacion/no-operativa", "address": "228- Wagner: Beethoven", "tipoEquipamiento": "http://vocab.linkeddata.es/datosabiertos/kos/urbanismo-infraestructuras/equipamiento/tipo-equipamiento/estacion-de-bicicletas", "bicisDisponibles": 8, "anclajesDisponibles": 11, "lastUpdated": "2026-02-25T17:08:07Z", "description": "<ul><li>Estado: Operativa</li><li>Bicis disponibles: 8</li><li>Anclajes disponibles: 11</li></ul><p>Actualizado: 17:08</p>", "descripcion": "Datos de la estación bizi 228- Wagner: Beethoven", "icon": "//www.zaragoza.es/contenidos/iconos/bizi/conbicis.png", "capacity": 19, "ratio_ocupacion": 0.42105263157894735 }, "geometry": { "type": "Point", "coordinates": [ -0.945338866377261, 41.634254915272081 ] } },
{ "type": "Feature", "properties": { "id": "244", "about": "http://www.zaragoza.es/ciudad/viapublica/movilidad/bici/detalle_Bizi?oid=244", "title": "226- Camping Rosales", "estado": "IN_SERVICE", "estadoEstacion": "http://vocab.linkeddata.es/datosabiertos/kos/transporte/bicicleta-publica/tipo-estado-estacion/no-operativa", "address": "226- Camping Rosales", "tipoEquipamiento": "http://vocab.linkeddata.es/datosabiertos/kos/urbanismo-infraestructuras/equipamiento/tipo-equipamiento/estacion-de-bicicletas", "bicisDisponibles": 3, "anclajesDisponibles": 16, "lastUpdated": "2026-02-25T17:08:07Z", "description": "<ul><li>Estado: Operativa</li><li>Bicis disponibles: 3</li><li>Anclajes disponibles: 16</li></ul><p>Actualizado: 17:08</p>", "descripcion": "Datos de la estación bizi 226- Camping Rosales", "icon": "//www.zaragoza.es/contenidos/iconos/bizi/conbicis.png", "capacity": 19, "ratio_ocupacion": 0.15789473684210525 }, "geometry": { "type": "Point", "coordinates": [ -0.943366761258407, 41.638229877535807 ] } },
{ "type": "Feature", "properties": { "id": "243", "about": "http://www.zaragoza.es/ciudad/viapublica/movilidad/bici/detalle_Bizi?oid=243", "title": "225- Ilustración: Mesta", "estado": "IN_SERVICE", "estadoEstacion": "http://vocab.linkeddata.es/datosabiertos/kos/transporte/bicicleta-publica/tipo-estado-estacion/no-operativa", "address": "225- Ilustración: Mesta", "tipoEquipamiento": "http://vocab.linkeddata.es/datosabiertos/kos/urbanismo-infraestructuras/equipamiento/tipo-equipamiento/estacion-de-bicicletas", "bicisDisponibles": 9, "anclajesDisponibles": 10, "lastUpdated": "2026-02-25T17:08:07Z", "description": "<ul><li>Estado: Operativa</li><li>Bicis disponibles: 9</li><li>Anclajes disponibles: 10</li></ul><p>Actualizado: 17:08</p>", "descripcion": "Datos de la estación bizi 225- Ilustración: Mesta", "icon": "//www.zaragoza.es/contenidos/iconos/bizi/conbicis.png", "capacity": 19, "ratio_ocupacion": 0.47368421052631576 }, "geometry": { "type": "Point", "coordinates": [ -0.941205967820682, 41.630116860563135 ] } },
{ "type": "Feature", "properties": { "id": "242", "about": "http://www.zaragoza.es/ciudad/viapublica/movilidad/bici/detalle_Bizi?oid=242", "title": "223- Ilustración 21", "estado": "IN_SERVICE", "estadoEstacion": "http://vocab.linkeddata.es/datosabiertos/kos/transporte/bicicleta-publica/tipo-estado-estacion/no-operativa", "address": "223- Ilustración 21", "tipoEquipamiento": "http://vocab.linkeddata.es/datosabiertos/kos/urbanismo-infraestructuras/equipamiento/tipo-equipamiento/estacion-de-bicicletas", "bicisDisponibles": 0, "anclajesDisponibles": 19, "lastUpdated": "2026-02-25T17:08:07Z", "description": "<ul><li>Estado: Operativa</li><li>Bicis disponibles: 0</li><li>Anclajes disponibles: 19</li></ul><p>Actualizado: 17:08</p>", "descripcion": "Datos de la estación bizi 223- Ilustración 21", "icon": "//www.zaragoza.es/contenidos/iconos/bizi/sinbicis.png", "capacity": 19, "ratio_ocupacion": 0.0 }, "geometry": { "type": "Point", "coordinates": [ -0.935721962314686, 41.630055777486206 ] } },
{ "type": "Feature", "properties": { "id": "241", "about": "http://www.zaragoza.es/ciudad/viapublica/movilidad/bici/detalle_Bizi?oid=241", "title": "200- Pza. Bámbola", "estado": "IN_SERVICE", "estadoEstacion": "http://vocab.linkeddata.es/datosabiertos/kos/transporte/bicicleta-publica/tipo-estado-estacion/no-operativa", "address": "200- Pza. Bámbola", "tipoEquipamiento": "http://vocab.linkeddata.es/datosabiertos/kos/urbanismo-infraestructuras/equipamiento/tipo-equipamiento/estacion-de-bicicletas", "bicisDisponibles": 3, "anclajesDisponibles": 16, "lastUpdated": "2026-02-25T17:08:07Z", "description": "<ul><li>Estado: Operativa</li><li>Bicis disponibles: 3</li><li>Anclajes disponibles: 16</li></ul><p>Actualizado: 17:08</p>", "descripcion": "Datos de la estación bizi 200- Pza. Bámbola", "icon": "//www.zaragoza.es/contenidos/iconos/bizi/conbicis.png", "capacity": 19, "ratio_ocupacion": 0.15789473684210525 }, "geometry": { "type": "Point", "coordinates": [ -0.917708123099152, 41.622909519439148 ] } },
{ "type": "Feature", "properties": { "id": "240", "about": "http://www.zaragoza.es/ciudad/viapublica/movilidad/bici/detalle_Bizi?oid=240", "title": "199- Argualas: Sabocos", "estado": "IN_SERVICE", "estadoEstacion": "http://vocab.linkeddata.es/datosabiertos/kos/transporte/bicicleta-publica/tipo-estado-estacion/no-operativa", "address": "199- Argualas: Sabocos", "tipoEquipamiento": "http://vocab.linkeddata.es/datosabiertos/kos/urbanismo-infraestructuras/equipamiento/tipo-equipamiento/estacion-de-bicicletas", "bicisDisponibles": 2, "anclajesDisponibles": 16, "lastUpdated": "2026-02-25T17:08:07Z", "description": "<ul><li>Estado: Operativa</li><li>Bicis disponibles: 2</li><li>Anclajes disponibles: 16</li></ul><p>Actualizado: 17:08</p>", "descripcion": "Datos de la estación bizi 199- Argualas: Sabocos", "icon": "//www.zaragoza.es/contenidos/iconos/bizi/conbicis.png", "capacity": 18, "ratio_ocupacion": 0.1111111111111111 }, "geometry": { "type": "Point", "coordinates": [ -0.912063035523802, 41.626029427369481 ] } },
{ "type": "Feature", "properties": { "id": "239", "about": "http://www.zaragoza.es/ciudad/viapublica/movilidad/bici/detalle_Bizi?oid=239", "title": "197- Vía Ibérica: Cno. Almotilla", "estado": "IN_SERVICE", "estadoEstacion": "http://vocab.linkeddata.es/datosabiertos/kos/transporte/bicicleta-publica/tipo-estado-estacion/no-operativa", "address": "197- Vía Ibérica: Cno. Almotilla", "tipoEquipamiento": "http://vocab.linkeddata.es/datosabiertos/kos/urbanismo-infraestructuras/equipamiento/tipo-equipamiento/estacion-de-bicicletas", "bicisDisponibles": 10, "anclajesDisponibles": 9, "lastUpdated": "2026-02-25T17:08:07Z", "description": "<ul><li>Estado: Operativa</li><li>Bicis disponibles: 10</li><li>Anclajes disponibles: 9</li></ul><p>Actualizado: 17:08</p>", "descripcion": "Datos de la estación bizi 197- Vía Ibérica: Cno. Almotilla", "icon": "//www.zaragoza.es/contenidos/iconos/bizi/conbicis.png", "capacity": 19, "ratio_ocupacion": 0.52631578947368418 }, "geometry": { "type": "Point", "coordinates": [ -0.911564090756857, 41.623857424526236 ] } },
{ "type": "Feature", "properties": { "id": "238", "about": "http://www.zaragoza.es/ciudad/viapublica/movilidad/bici/detalle_Bizi?oid=238", "title": "244- Gmez. Laguna: Hayedo", "estado": "IN_SERVICE", "estadoEstacion": "http://vocab.linkeddata.es/datosabiertos/kos/transporte/bicicleta-publica/tipo-estado-estacion/no-operativa", "address": "244- Gmez. Laguna: Hayedo", "tipoEquipamiento": "http://vocab.linkeddata.es/datosabiertos/kos/urbanismo-infraestructuras/equipamiento/tipo-equipamiento/estacion-de-bicicletas", "bicisDisponibles": 0, "anclajesDisponibles": 18, "lastUpdated": "2026-02-25T17:08:07Z", "description": "<ul><li>Estado: Operativa</li><li>Bicis disponibles: 0</li><li>Anclajes disponibles: 18</li></ul><p>Actualizado: 17:08</p>", "descripcion": "Datos de la estación bizi 244- Gmez. Laguna: Hayedo", "icon": "//www.zaragoza.es/contenidos/iconos/bizi/sinbicis.png", "capacity": 18, "ratio_ocupacion": 0.0 }, "geometry": { "type": "Point", "coordinates": [ -0.917322692852601, 41.639601478005595 ] } },
{ "type": "Feature", "properties": { "id": "237", "about": "http://www.zaragoza.es/ciudad/viapublica/movilidad/bici/detalle_Bizi?oid=237", "title": "196- Argualas: El Greco", "estado": "IN_SERVICE", "estadoEstacion": "http://vocab.linkeddata.es/datosabiertos/kos/transporte/bicicleta-publica/tipo-estado-estacion/no-operativa", "address": "196- Argualas: El Greco", "tipoEquipamiento": "http://vocab.linkeddata.es/datosabiertos/kos/urbanismo-infraestructuras/equipamiento/tipo-equipamiento/estacion-de-bicicletas", "bicisDisponibles": 5, "anclajesDisponibles": 13, "lastUpdated": "2026-02-25T17:08:07Z", "description": "<ul><li>Estado: Operativa</li><li>Bicis disponibles: 5</li><li>Anclajes disponibles: 13</li></ul><p>Actualizado: 17:08</p>", "descripcion": "Datos de la estación bizi 196- Argualas: El Greco", "icon": "//www.zaragoza.es/contenidos/iconos/bizi/conbicis.png", "capacity": 18, "ratio_ocupacion": 0.27777777777777779 }, "geometry": { "type": "Point", "coordinates": [ -0.915013004580905, 41.627379469124456 ] } },
{ "type": "Feature", "properties": { "id": "236", "about": "http://www.zaragoza.es/ciudad/viapublica/movilidad/bici/detalle_Bizi?oid=236", "title": "192- Olivar: Quirón", "estado": "IN_SERVICE", "estadoEstacion": "http://vocab.linkeddata.es/datosabiertos/kos/transporte/bicicleta-publica/tipo-estado-estacion/no-operativa", "address": "192- Olivar: Quirón", "tipoEquipamiento": "http://vocab.linkeddata.es/datosabiertos/kos/urbanismo-infraestructuras/equipamiento/tipo-equipamiento/estacion-de-bicicletas", "bicisDisponibles": 18, "anclajesDisponibles": 1, "lastUpdated": "2026-02-25T17:08:07Z", "description": "<ul><li>Estado: Operativa</li><li>Bicis disponibles: 18</li><li>Anclajes disponibles: 1</li></ul><p>Actualizado: 17:08</p>", "descripcion": "Datos de la estación bizi 192- Olivar: Quirón", "icon": "//www.zaragoza.es/contenidos/iconos/bizi/conbicis.png", "capacity": 19, "ratio_ocupacion": 0.94736842105263153 }, "geometry": { "type": "Point", "coordinates": [ -0.920950937805192, 41.630269552982753 ] } },
{ "type": "Feature", "properties": { "id": "235", "about": "http://www.zaragoza.es/ciudad/viapublica/movilidad/bici/detalle_Bizi?oid=235", "title": "248- Orión: Ozanam", "estado": "IN_SERVICE", "estadoEstacion": "http://vocab.linkeddata.es/datosabiertos/kos/transporte/bicicleta-publica/tipo-estado-estacion/no-operativa", "address": "248- Orión: Ozanam", "tipoEquipamiento": "http://vocab.linkeddata.es/datosabiertos/kos/urbanismo-infraestructuras/equipamiento/tipo-equipamiento/estacion-de-bicicletas", "bicisDisponibles": 2, "anclajesDisponibles": 17, "lastUpdated": "2026-02-25T17:08:07Z", "description": "<ul><li>Estado: Operativa</li><li>Bicis disponibles: 2</li><li>Anclajes disponibles: 17</li></ul><p>Actualizado: 17:08</p>", "descripcion": "Datos de la estación bizi 248- Orión: Ozanam", "icon": "//www.zaragoza.es/contenidos/iconos/bizi/conbicis.png", "capacity": 19, "ratio_ocupacion": 0.10526315789473684 }, "geometry": { "type": "Point", "coordinates": [ -0.933924672398466, 41.641208727709859 ] } },
{ "type": "Feature", "properties": { "id": "234", "about": "http://www.zaragoza.es/ciudad/viapublica/movilidad/bici/detalle_Bizi?oid=234", "title": "246- Pza. Armonía", "estado": "IN_SERVICE", "estadoEstacion": "http://vocab.linkeddata.es/datosabiertos/kos/transporte/bicicleta-publica/tipo-estado-estacion/no-operativa", "address": "246- Pza. Armonía", "tipoEquipamiento": "http://vocab.linkeddata.es/datosabiertos/kos/urbanismo-infraestructuras/equipamiento/tipo-equipamiento/estacion-de-bicicletas", "bicisDisponibles": 7, "anclajesDisponibles": 12, "lastUpdated": "2026-02-25T17:08:07Z", "description": "<ul><li>Estado: Operativa</li><li>Bicis disponibles: 7</li><li>Anclajes disponibles: 12</li></ul><p>Actualizado: 17:08</p>", "descripcion": "Datos de la estación bizi 246- Pza. Armonía", "icon": "//www.zaragoza.es/contenidos/iconos/bizi/conbicis.png", "capacity": 19, "ratio_ocupacion": 0.36842105263157893 }, "geometry": { "type": "Point", "coordinates": [ -0.932765759209258, 41.63778571698861 ] } },
{ "type": "Feature", "properties": { "id": "233", "about": "http://www.zaragoza.es/ciudad/viapublica/movilidad/bici/detalle_Bizi?oid=233", "title": "195- Sagrada Familia", "estado": "IN_SERVICE", "estadoEstacion": "http://vocab.linkeddata.es/datosabiertos/kos/transporte/bicicleta-publica/tipo-estado-estacion/no-operativa", "address": "195- Sagrada Familia", "tipoEquipamiento": "http://vocab.linkeddata.es/datosabiertos/kos/urbanismo-infraestructuras/equipamiento/tipo-equipamiento/estacion-de-bicicletas", "bicisDisponibles": 1, "anclajesDisponibles": 17, "lastUpdated": "2026-02-25T17:08:07Z", "description": "<ul><li>Estado: Operativa</li><li>Bicis disponibles: 1</li><li>Anclajes disponibles: 17</li></ul><p>Actualizado: 17:08</p>", "descripcion": "Datos de la estación bizi 195- Sagrada Familia", "icon": "//www.zaragoza.es/contenidos/iconos/bizi/conbicis.png", "capacity": 18, "ratio_ocupacion": 0.055555555555555552 }, "geometry": { "type": "Point", "coordinates": [ -0.910870953566492, 41.629155402525456 ] } },
{ "type": "Feature", "properties": { "id": "232", "about": "http://www.zaragoza.es/ciudad/viapublica/movilidad/bici/detalle_Bizi?oid=232", "title": "194- Parq. Los Incrédulos", "estado": "IN_SERVICE", "estadoEstacion": "http://vocab.linkeddata.es/datosabiertos/kos/transporte/bicicleta-publica/tipo-estado-estacion/no-operativa", "address": "194- Parq. Los Incrédulos", "tipoEquipamiento": "http://vocab.linkeddata.es/datosabiertos/kos/urbanismo-infraestructuras/equipamiento/tipo-equipamiento/estacion-de-bicicletas", "bicisDisponibles": 1, "anclajesDisponibles": 16, "lastUpdated": "2026-02-25T17:08:06Z", "description": "<ul><li>Estado: Operativa</li><li>Bicis disponibles: 1</li><li>Anclajes disponibles: 16</li></ul><p>Actualizado: 17:08</p>", "descripcion": "Datos de la estación bizi 194- Parq. Los Incrédulos", "icon": "//www.zaragoza.es/contenidos/iconos/bizi/conbicis.png", "capacity": 17, "ratio_ocupacion": 0.058823529411764705 }, "geometry": { "type": "Point", "coordinates": [ -0.908289932411849, 41.629849361879188 ] } },
{ "type": "Feature", "properties": { "id": "231", "about": "http://www.zaragoza.es/ciudad/viapublica/movilidad/bici/detalle_Bizi?oid=231", "title": "272- S. Juan B. Salle: Piquero", "estado": "IN_SERVICE", "estadoEstacion": "http://vocab.linkeddata.es/datosabiertos/kos/transporte/bicicleta-publica/tipo-estado-estacion/no-operativa", "address": "272- S. Juan B. Salle: Piquero", "tipoEquipamiento": "http://vocab.linkeddata.es/datosabiertos/kos/urbanismo-infraestructuras/equipamiento/tipo-equipamiento/estacion-de-bicicletas", "bicisDisponibles": 1, "anclajesDisponibles": 18, "lastUpdated": "2026-02-25T17:08:06Z", "description": "<ul><li>Estado: Operativa</li><li>Bicis disponibles: 1</li><li>Anclajes disponibles: 18</li></ul><p>Actualizado: 17:08</p>", "descripcion": "Datos de la estación bizi 272- S. Juan B. Salle: Piquero", "icon": "//www.zaragoza.es/contenidos/iconos/bizi/conbicis.png", "capacity": 19, "ratio_ocupacion": 0.052631578947368418 }, "geometry": { "type": "Point", "coordinates": [ -0.941246811969725, 41.636159849320407 ] } },
{ "type": "Feature", "properties": { "id": "230", "about": "http://www.zaragoza.es/ciudad/viapublica/movilidad/bici/detalle_Bizi?oid=230", "title": "252- Estrellas: Orión", "estado": "IN_SERVICE", "estadoEstacion": "http://vocab.linkeddata.es/datosabiertos/kos/transporte/bicicleta-publica/tipo-estado-estacion/no-operativa", "address": "252- Estrellas: Orión", "tipoEquipamiento": "http://vocab.linkeddata.es/datosabiertos/kos/urbanismo-infraestructuras/equipamiento/tipo-equipamiento/estacion-de-bicicletas", "bicisDisponibles": 6, "anclajesDisponibles": 13, "lastUpdated": "2026-02-25T17:08:06Z", "description": "<ul><li>Estado: Operativa</li><li>Bicis disponibles: 6</li><li>Anclajes disponibles: 13</li></ul><p>Actualizado: 17:08</p>", "descripcion": "Datos de la estación bizi 252- Estrellas: Orión", "icon": "//www.zaragoza.es/contenidos/iconos/bizi/conbicis.png", "capacity": 19, "ratio_ocupacion": 0.31578947368421051 }, "geometry": { "type": "Point", "coordinates": [ -0.93444362618332, 41.643025731950459 ] } },
{ "type": "Feature", "properties": { "id": "229", "about": "http://www.zaragoza.es/ciudad/viapublica/movilidad/bici/detalle_Bizi?oid=229", "title": "249- Pza. Inmaculada", "estado": "IN_SERVICE", "estadoEstacion": "http://vocab.linkeddata.es/datosabiertos/kos/transporte/bicicleta-publica/tipo-estado-estacion/no-operativa", "address": "249- Pza. Inmaculada", "tipoEquipamiento": "http://vocab.linkeddata.es/datosabiertos/kos/urbanismo-infraestructuras/equipamiento/tipo-equipamiento/estacion-de-bicicletas", "bicisDisponibles": 1, "anclajesDisponibles": 18, "lastUpdated": "2026-02-25T17:08:06Z", "description": "<ul><li>Estado: Operativa</li><li>Bicis disponibles: 1</li><li>Anclajes disponibles: 18</li></ul><p>Actualizado: 17:08</p>", "descripcion": "Datos de la estación bizi 249- Pza. Inmaculada", "icon": "//www.zaragoza.es/contenidos/iconos/bizi/conbicis.png", "capacity": 19, "ratio_ocupacion": 0.052631578947368418 }, "geometry": { "type": "Point", "coordinates": [ -0.930563703243856, 41.639847679243616 ] } },
{ "type": "Feature", "properties": { "id": "228", "about": "http://www.zaragoza.es/ciudad/viapublica/movilidad/bici/detalle_Bizi?oid=228", "title": "247- Centauro: Argos", "estado": "IN_SERVICE", "estadoEstacion": "http://vocab.linkeddata.es/datosabiertos/kos/transporte/bicicleta-publica/tipo-estado-estacion/no-operativa", "address": "247- Centauro: Argos", "tipoEquipamiento": "http://vocab.linkeddata.es/datosabiertos/kos/urbanismo-infraestructuras/equipamiento/tipo-equipamiento/estacion-de-bicicletas", "bicisDisponibles": 8, "anclajesDisponibles": 11, "lastUpdated": "2026-02-25T17:08:06Z", "description": "<ul><li>Estado: Operativa</li><li>Bicis disponibles: 8</li><li>Anclajes disponibles: 11</li></ul><p>Actualizado: 17:08</p>", "descripcion": "Datos de la estación bizi 247- Centauro: Argos", "icon": "//www.zaragoza.es/contenidos/iconos/bizi/conbicis.png", "capacity": 19, "ratio_ocupacion": 0.42105263157894735 }, "geometry": { "type": "Point", "coordinates": [ -0.93047180556031, 41.635874685970798 ] } },
{ "type": "Feature", "properties": { "id": "227", "about": "http://www.zaragoza.es/ciudad/viapublica/movilidad/bici/detalle_Bizi?oid=227", "title": "245- Campillo Llerena", "estado": "IN_SERVICE", "estadoEstacion": "http://vocab.linkeddata.es/datosabiertos/kos/transporte/bicicleta-publica/tipo-estado-estacion/no-operativa", "address": "245- Campillo Llerena", "tipoEquipamiento": "http://vocab.linkeddata.es/datosabiertos/kos/urbanismo-infraestructuras/equipamiento/tipo-equipamiento/estacion-de-bicicletas", "bicisDisponibles": 16, "anclajesDisponibles": 2, "lastUpdated": "2026-02-25T17:08:06Z", "description": "<ul><li>Estado: Operativa</li><li>Bicis disponibles: 16</li><li>Anclajes disponibles: 2</li></ul><p>Actualizado: 17:08</p>", "descripcion": "Datos de la estación bizi 245- Campillo Llerena", "icon": "//www.zaragoza.es/contenidos/iconos/bizi/conbicis.png", "capacity": 18, "ratio_ocupacion": 0.88888888888888884 }, "geometry": { "type": "Point", "coordinates": [ -0.924097741605911, 41.638041584490487 ] } },
{ "type": "Feature", "properties": { "id": "226", "about": "http://www.zaragoza.es/ciudad/viapublica/movilidad/bici/detalle_Bizi?oid=226", "title": "254- Leyva: Anillo Verde", "estado": "IN_SERVICE", "estadoEstacion": "http://vocab.linkeddata.es/datosabiertos/kos/transporte/bicicleta-publica/tipo-estado-estacion/no-operativa", "address": "254- Leyva: Anillo Verde", "tipoEquipamiento": "http://vocab.linkeddata.es/datosabiertos/kos/urbanismo-infraestructuras/equipamiento/tipo-equipamiento/estacion-de-bicicletas", "bicisDisponibles": 9, "anclajesDisponibles": 10, "lastUpdated": "2026-02-25T17:08:06Z", "description": "<ul><li>Estado: Operativa</li><li>Bicis disponibles: 9</li><li>Anclajes disponibles: 10</li></ul><p>Actualizado: 17:08</p>", "descripcion": "Datos de la estación bizi 254- Leyva: Anillo Verde", "icon": "//www.zaragoza.es/contenidos/iconos/bizi/conbicis.png", "capacity": 19, "ratio_ocupacion": 0.47368421052631576 }, "geometry": { "type": "Point", "coordinates": [ -0.924970392728691, 41.651617569363324 ] } },
{ "type": "Feature", "properties": { "id": "225", "about": "http://www.zaragoza.es/ciudad/viapublica/movilidad/bici/detalle_Bizi?oid=225", "title": "250- Biel: Hortensia", "estado": "IN_SERVICE", "estadoEstacion": "http://vocab.linkeddata.es/datosabiertos/kos/transporte/bicicleta-publica/tipo-estado-estacion/no-operativa", "address": "250- Biel: Hortensia", "tipoEquipamiento": "http://vocab.linkeddata.es/datosabiertos/kos/urbanismo-infraestructuras/equipamiento/tipo-equipamiento/estacion-de-bicicletas", "bicisDisponibles": 3, "anclajesDisponibles": 16, "lastUpdated": "2026-02-25T17:08:06Z", "description": "<ul><li>Estado: Operativa</li><li>Bicis disponibles: 3</li><li>Anclajes disponibles: 16</li></ul><p>Actualizado: 17:08</p>", "descripcion": "Datos de la estación bizi 250- Biel: Hortensia", "icon": "//www.zaragoza.es/contenidos/iconos/bizi/conbicis.png", "capacity": 19, "ratio_ocupacion": 0.15789473684210525 }, "geometry": { "type": "Point", "coordinates": [ -0.925292669821256, 41.640885596754316 ] } },
{ "type": "Feature", "properties": { "id": "224", "about": "http://www.zaragoza.es/ciudad/viapublica/movilidad/bici/detalle_Bizi?oid=224", "title": "243- Anillo Verde: Rguez. Ayuso", "estado": "IN_SERVICE", "estadoEstacion": "http://vocab.linkeddata.es/datosabiertos/kos/transporte/bicicleta-publica/tipo-estado-estacion/no-operativa", "address": "243- Anillo Verde: Rguez. Ayuso", "tipoEquipamiento": "http://vocab.linkeddata.es/datosabiertos/kos/urbanismo-infraestructuras/equipamiento/tipo-equipamiento/estacion-de-bicicletas", "bicisDisponibles": 15, "anclajesDisponibles": 3, "lastUpdated": "2026-02-25T17:08:06Z", "description": "<ul><li>Estado: Operativa</li><li>Bicis disponibles: 15</li><li>Anclajes disponibles: 3</li></ul><p>Actualizado: 17:08</p>", "descripcion": "Datos de la estación bizi 243- Anillo Verde: Rguez. Ayuso", "icon": "//www.zaragoza.es/contenidos/iconos/bizi/conbicis.png", "capacity": 18, "ratio_ocupacion": 0.83333333333333337 }, "geometry": { "type": "Point", "coordinates": [ -0.924069557831215, 41.645170569119777 ] } },
{ "type": "Feature", "properties": { "id": "223", "about": "http://www.zaragoza.es/ciudad/viapublica/movilidad/bici/detalle_Bizi?oid=223", "title": "273- Cáncer: Camisera", "estado": "IN_SERVICE", "estadoEstacion": "http://vocab.linkeddata.es/datosabiertos/kos/transporte/bicicleta-publica/tipo-estado-estacion/no-operativa", "address": "273- Cáncer: Camisera", "tipoEquipamiento": "http://vocab.linkeddata.es/datosabiertos/kos/urbanismo-infraestructuras/equipamiento/tipo-equipamiento/estacion-de-bicicletas", "bicisDisponibles": 12, "anclajesDisponibles": 6, "lastUpdated": "2026-02-25T17:08:06Z", "description": "<ul><li>Estado: Operativa</li><li>Bicis disponibles: 12</li><li>Anclajes disponibles: 6</li></ul><p>Actualizado: 17:08</p>", "descripcion": "Datos de la estación bizi 273- Cáncer: Camisera", "icon": "//www.zaragoza.es/contenidos/iconos/bizi/conbicis.png", "capacity": 18, "ratio_ocupacion": 0.66666666666666663 }, "geometry": { "type": "Point", "coordinates": [ -0.929677361774645, 41.65304363854252 ] } },
{ "type": "Feature", "properties": { "id": "222", "about": "http://www.zaragoza.es/ciudad/viapublica/movilidad/bici/detalle_Bizi?oid=222", "title": "256- Parq. Oeste: S. A. Magno", "estado": "IN_SERVICE", "estadoEstacion": "http://vocab.linkeddata.es/datosabiertos/kos/transporte/bicicleta-publica/tipo-estado-estacion/no-operativa", "address": "256- Parq. Oeste: S. A. Magno", "tipoEquipamiento": "http://vocab.linkeddata.es/datosabiertos/kos/urbanismo-infraestructuras/equipamiento/tipo-equipamiento/estacion-de-bicicletas", "bicisDisponibles": 12, "anclajesDisponibles": 7, "lastUpdated": "2026-02-25T17:08:06Z", "description": "<ul><li>Estado: Operativa</li><li>Bicis disponibles: 12</li><li>Anclajes disponibles: 7</li></ul><p>Actualizado: 17:08</p>", "descripcion": "Datos de la estación bizi 256- Parq. Oeste: S. A. Magno", "icon": "//www.zaragoza.es/contenidos/iconos/bizi/conbicis.png", "capacity": 19, "ratio_ocupacion": 0.63157894736842102 }, "geometry": { "type": "Point", "coordinates": [ -0.929767446401386, 41.649767646690471 ] } },
{ "type": "Feature", "properties": { "id": "221", "about": "http://www.zaragoza.es/ciudad/viapublica/movilidad/bici/detalle_Bizi?oid=221", "title": "204- Leyva: S. Alberto Magno", "estado": "IN_SERVICE", "estadoEstacion": "http://vocab.linkeddata.es/datosabiertos/kos/transporte/bicicleta-publica/tipo-estado-estacion/no-operativa", "address": "204- Leyva: S. Alberto Magno", "tipoEquipamiento": "http://vocab.linkeddata.es/datosabiertos/kos/urbanismo-infraestructuras/equipamiento/tipo-equipamiento/estacion-de-bicicletas", "bicisDisponibles": 12, "anclajesDisponibles": 7, "lastUpdated": "2026-02-25T17:08:06Z", "description": "<ul><li>Estado: Operativa</li><li>Bicis disponibles: 12</li><li>Anclajes disponibles: 7</li></ul><p>Actualizado: 17:08</p>", "descripcion": "Datos de la estación bizi 204- Leyva: S. Alberto Magno", "icon": "//www.zaragoza.es/contenidos/iconos/bizi/conbicis.png", "capacity": 19, "ratio_ocupacion": 0.63157894736842102 }, "geometry": { "type": "Point", "coordinates": [ -0.929763397742471, 41.651653642734324 ] } },
{ "type": "Feature", "properties": { "id": "219", "about": "http://www.zaragoza.es/ciudad/viapublica/movilidad/bici/detalle_Bizi?oid=219", "title": "257- Bosqued: Pasteur", "estado": "IN_SERVICE", "estadoEstacion": "http://vocab.linkeddata.es/datosabiertos/kos/transporte/bicicleta-publica/tipo-estado-estacion/no-operativa", "address": "257- Bosqued: Pasteur", "tipoEquipamiento": "http://vocab.linkeddata.es/datosabiertos/kos/urbanismo-infraestructuras/equipamiento/tipo-equipamiento/estacion-de-bicicletas", "bicisDisponibles": 3, "anclajesDisponibles": 16, "lastUpdated": "2026-02-25T17:08:06Z", "description": "<ul><li>Estado: Operativa</li><li>Bicis disponibles: 3</li><li>Anclajes disponibles: 16</li></ul><p>Actualizado: 17:08</p>", "descripcion": "Datos de la estación bizi 257- Bosqued: Pasteur", "icon": "//www.zaragoza.es/contenidos/iconos/bizi/conbicis.png", "capacity": 19, "ratio_ocupacion": 0.15789473684210525 }, "geometry": { "type": "Point", "coordinates": [ -0.921491408659693, 41.650832517724702 ] } },
{ "type": "Feature", "properties": { "id": "218", "about": "http://www.zaragoza.es/ciudad/viapublica/movilidad/bici/detalle_Bizi?oid=218", "title": "253- Rguez. Ayuso 58", "estado": "IN_SERVICE", "estadoEstacion": "http://vocab.linkeddata.es/datosabiertos/kos/transporte/bicicleta-publica/tipo-estado-estacion/no-operativa", "address": "253- Rguez. Ayuso 58", "tipoEquipamiento": "http://vocab.linkeddata.es/datosabiertos/kos/urbanismo-infraestructuras/equipamiento/tipo-equipamiento/estacion-de-bicicletas", "bicisDisponibles": 0, "anclajesDisponibles": 19, "lastUpdated": "2026-02-25T17:08:06Z", "description": "<ul><li>Estado: Operativa</li><li>Bicis disponibles: 0</li><li>Anclajes disponibles: 19</li></ul><p>Actualizado: 17:08</p>", "descripcion": "Datos de la estación bizi 253- Rguez. Ayuso 58", "icon": "//www.zaragoza.es/contenidos/iconos/bizi/sinbicis.png", "capacity": 19, "ratio_ocupacion": 0.0 }, "geometry": { "type": "Point", "coordinates": [ -0.923140511583849, 41.646919551241673 ] } },
{ "type": "Feature", "properties": { "id": "217", "about": "http://www.zaragoza.es/ciudad/viapublica/movilidad/bici/detalle_Bizi?oid=217", "title": "242- Rguez. Ayuso: Enlaces", "estado": "IN_SERVICE", "estadoEstacion": "http://vocab.linkeddata.es/datosabiertos/kos/transporte/bicicleta-publica/tipo-estado-estacion/no-operativa", "address": "242- Rguez. Ayuso: Enlaces", "tipoEquipamiento": "http://vocab.linkeddata.es/datosabiertos/kos/urbanismo-infraestructuras/equipamiento/tipo-equipamiento/estacion-de-bicicletas", "bicisDisponibles": 6, "anclajesDisponibles": 13, "lastUpdated": "2026-02-25T17:08:06Z", "description": "<ul><li>Estado: Operativa</li><li>Bicis disponibles: 6</li><li>Anclajes disponibles: 13</li></ul><p>Actualizado: 17:08</p>", "descripcion": "Datos de la estación bizi 242- Rguez. Ayuso: Enlaces", "icon": "//www.zaragoza.es/contenidos/iconos/bizi/conbicis.png", "capacity": 19, "ratio_ocupacion": 0.31578947368421051 }, "geometry": { "type": "Point", "coordinates": [ -0.919315440013325, 41.649511487223386 ] } },
{ "type": "Feature", "properties": { "id": "216", "about": "http://www.zaragoza.es/ciudad/viapublica/movilidad/bici/detalle_Bizi?oid=216", "title": "240- Hispanidad: Rallo Lahoz", "estado": "IN_SERVICE", "estadoEstacion": "http://vocab.linkeddata.es/datosabiertos/kos/transporte/bicicleta-publica/tipo-estado-estacion/no-operativa", "address": "240- Hispanidad: Rallo Lahoz", "tipoEquipamiento": "http://vocab.linkeddata.es/datosabiertos/kos/urbanismo-infraestructuras/equipamiento/tipo-equipamiento/estacion-de-bicicletas", "bicisDisponibles": 2, "anclajesDisponibles": 17, "lastUpdated": "2026-02-25T17:08:06Z", "description": "<ul><li>Estado: Operativa</li><li>Bicis disponibles: 2</li><li>Anclajes disponibles: 17</li></ul><p>Actualizado: 17:08</p>", "descripcion": "Datos de la estación bizi 240- Hispanidad: Rallo Lahoz", "icon": "//www.zaragoza.es/contenidos/iconos/bizi/conbicis.png", "capacity": 19, "ratio_ocupacion": 0.10526315789473684 }, "geometry": { "type": "Point", "coordinates": [ -0.920885302154078, 41.654934499699706 ] } },
{ "type": "Feature", "properties": { "id": "215", "about": "http://www.zaragoza.es/ciudad/viapublica/movilidad/bici/detalle_Bizi?oid=215", "title": "274- Cno. Pilón: Pz. Peñetas", "estado": "IN_SERVICE", "estadoEstacion": "http://vocab.linkeddata.es/datosabiertos/kos/transporte/bicicleta-publica/tipo-estado-estacion/no-operativa", "address": "274- Cno. Pilón: Pz. Peñetas", "tipoEquipamiento": "http://vocab.linkeddata.es/datosabiertos/kos/urbanismo-infraestructuras/equipamiento/tipo-equipamiento/estacion-de-bicicletas", "bicisDisponibles": 11, "anclajesDisponibles": 8, "lastUpdated": "2026-02-25T17:08:06Z", "description": "<ul><li>Estado: Operativa</li><li>Bicis disponibles: 11</li><li>Anclajes disponibles: 8</li></ul><p>Actualizado: 17:08</p>", "descripcion": "Datos de la estación bizi 274- Cno. Pilón: Pz. Peñetas", "icon": "//www.zaragoza.es/contenidos/iconos/bizi/conbicis.png", "capacity": 19, "ratio_ocupacion": 0.57894736842105265 }, "geometry": { "type": "Point", "coordinates": [ -0.943289230179936, 41.658791835950936 ] } },
{ "type": "Feature", "properties": { "id": "214", "about": "http://www.zaragoza.es/ciudad/viapublica/movilidad/bici/detalle_Bizi?oid=214", "title": "260- Ibón Armeña: Cno. Pilón", "estado": "IN_SERVICE", "estadoEstacion": "http://vocab.linkeddata.es/datosabiertos/kos/transporte/bicicleta-publica/tipo-estado-estacion/no-operativa", "address": "260- Ibón Armeña: Cno. Pilón", "tipoEquipamiento": "http://vocab.linkeddata.es/datosabiertos/kos/urbanismo-infraestructuras/equipamiento/tipo-equipamiento/estacion-de-bicicletas", "bicisDisponibles": 2, "anclajesDisponibles": 16, "lastUpdated": "2026-02-25T17:08:06Z", "description": "<ul><li>Estado: Operativa</li><li>Bicis disponibles: 2</li><li>Anclajes disponibles: 16</li></ul><p>Actualizado: 17:08</p>", "descripcion": "Datos de la estación bizi 260- Ibón Armeña: Cno. Pilón", "icon": "//www.zaragoza.es/contenidos/iconos/bizi/conbicis.png", "capacity": 18, "ratio_ocupacion": 0.1111111111111111 }, "geometry": { "type": "Point", "coordinates": [ -0.933495212250138, 41.659019684875062 ] } },
{ "type": "Feature", "properties": { "id": "213", "about": "http://www.zaragoza.es/ciudad/viapublica/movilidad/bici/detalle_Bizi?oid=213", "title": "259- Cno. Pilón: Oriz García", "estado": "IN_SERVICE", "estadoEstacion": "http://vocab.linkeddata.es/datosabiertos/kos/transporte/bicicleta-publica/tipo-estado-estacion/no-operativa", "address": "259- Cno. Pilón: Oriz García", "tipoEquipamiento": "http://vocab.linkeddata.es/datosabiertos/kos/urbanismo-infraestructuras/equipamiento/tipo-equipamiento/estacion-de-bicicletas", "bicisDisponibles": 0, "anclajesDisponibles": 19, "lastUpdated": "2026-02-25T17:08:06Z", "description": "<ul><li>Estado: Operativa</li><li>Bicis disponibles: 0</li><li>Anclajes disponibles: 19</li></ul><p>Actualizado: 17:08</p>", "descripcion": "Datos de la estación bizi 259- Cno. Pilón: Oriz García", "icon": "//www.zaragoza.es/contenidos/iconos/bizi/sinbicis.png", "capacity": 19, "ratio_ocupacion": 0.0 }, "geometry": { "type": "Point", "coordinates": [ -0.928556222504913, 41.658387610241164 ] } },
{ "type": "Feature", "properties": { "id": "212", "about": "http://www.zaragoza.es/ciudad/viapublica/movilidad/bici/detalle_Bizi?oid=212", "title": "241- A. Príncipe: Anillo Verde", "estado": "IN_SERVICE", "estadoEstacion": "http://vocab.linkeddata.es/datosabiertos/kos/transporte/bicicleta-publica/tipo-estado-estacion/no-operativa", "address": "241- A. Príncipe: Anillo Verde", "tipoEquipamiento": "http://vocab.linkeddata.es/datosabiertos/kos/urbanismo-infraestructuras/equipamiento/tipo-equipamiento/estacion-de-bicicletas", "bicisDisponibles": 9, "anclajesDisponibles": 10, "lastUpdated": "2026-02-25T17:08:06Z", "description": "<ul><li>Estado: Operativa</li><li>Bicis disponibles: 9</li><li>Anclajes disponibles: 10</li></ul><p>Actualizado: 17:08</p>", "descripcion": "Datos de la estación bizi 241- A. Príncipe: Anillo Verde", "icon": "//www.zaragoza.es/contenidos/iconos/bizi/conbicis.png", "capacity": 19, "ratio_ocupacion": 0.47368421052631576 }, "geometry": { "type": "Point", "coordinates": [ -0.924256355560961, 41.653024555458863 ] } },
{ "type": "Feature", "properties": { "id": "211", "about": "http://www.zaragoza.es/ciudad/viapublica/movilidad/bici/detalle_Bizi?oid=211", "title": "251- Millán Serrano: Orquídea", "estado": "IN_SERVICE", "estadoEstacion": "http://vocab.linkeddata.es/datosabiertos/kos/transporte/bicicleta-publica/tipo-estado-estacion/no-operativa", "address": "251- Millán Serrano: Orquídea", "tipoEquipamiento": "http://vocab.linkeddata.es/datosabiertos/kos/urbanismo-infraestructuras/equipamiento/tipo-equipamiento/estacion-de-bicicletas", "bicisDisponibles": 3, "anclajesDisponibles": 14, "lastUpdated": "2026-02-25T17:08:06Z", "description": "<ul><li>Estado: Operativa</li><li>Bicis disponibles: 3</li><li>Anclajes disponibles: 14</li></ul><p>Actualizado: 17:08</p>", "descripcion": "Datos de la estación bizi 251- Millán Serrano: Orquídea", "icon": "//www.zaragoza.es/contenidos/iconos/bizi/conbicis.png", "capacity": 17, "ratio_ocupacion": 0.17647058823529413 }, "geometry": { "type": "Point", "coordinates": [ -0.928859631704124, 41.642538647728863 ] } },
{ "type": "Feature", "properties": { "id": "210", "about": "http://www.zaragoza.es/ciudad/viapublica/movilidad/bici/detalle_Bizi?oid=210", "title": "208- Ibón Plan: Cno. Pilón", "estado": "IN_SERVICE", "estadoEstacion": "http://vocab.linkeddata.es/datosabiertos/kos/transporte/bicicleta-publica/tipo-estado-estacion/no-operativa", "address": "208- Ibón Plan: Cno. Pilón", "tipoEquipamiento": "http://vocab.linkeddata.es/datosabiertos/kos/urbanismo-infraestructuras/equipamiento/tipo-equipamiento/estacion-de-bicicletas", "bicisDisponibles": 8, "anclajesDisponibles": 10, "lastUpdated": "2026-02-25T17:08:06Z", "description": "<ul><li>Estado: Operativa</li><li>Bicis disponibles: 8</li><li>Anclajes disponibles: 10</li></ul><p>Actualizado: 17:08</p>", "descripcion": "Datos de la estación bizi 208- Ibón Plan: Cno. Pilón", "icon": "//www.zaragoza.es/contenidos/iconos/bizi/conbicis.png", "capacity": 18, "ratio_ocupacion": 0.44444444444444442 }, "geometry": { "type": "Point", "coordinates": [ -0.937891211656698, 41.659251752012203 ] } },
{ "type": "Feature", "properties": { "id": "209", "about": "http://www.zaragoza.es/ciudad/viapublica/movilidad/bici/detalle_Bizi?oid=209", "title": "207- Cno. Pilón: Orozco", "estado": "IN_SERVICE", "estadoEstacion": "http://vocab.linkeddata.es/datosabiertos/kos/transporte/bicicleta-publica/tipo-estado-estacion/no-operativa", "address": "207- Cno. Pilón: Orozco", "tipoEquipamiento": "http://vocab.linkeddata.es/datosabiertos/kos/urbanismo-infraestructuras/equipamiento/tipo-equipamiento/estacion-de-bicicletas", "bicisDisponibles": 10, "anclajesDisponibles": 9, "lastUpdated": "2026-02-25T17:08:06Z", "description": "<ul><li>Estado: Operativa</li><li>Bicis disponibles: 10</li><li>Anclajes disponibles: 9</li></ul><p>Actualizado: 17:08</p>", "descripcion": "Datos de la estación bizi 207- Cno. Pilón: Orozco", "icon": "//www.zaragoza.es/contenidos/iconos/bizi/conbicis.png", "capacity": 19, "ratio_ocupacion": 0.52631578947368418 }, "geometry": { "type": "Point", "coordinates": [ -0.941022231082149, 41.658648801372699 ] } },
{ "type": "Feature", "properties": { "id": "208", "about": "http://www.zaragoza.es/ciudad/viapublica/movilidad/bici/detalle_Bizi?oid=208", "title": "205- Lagos Alba: Trigoniero", "estado": "IN_SERVICE", "estadoEstacion": "http://vocab.linkeddata.es/datosabiertos/kos/transporte/bicicleta-publica/tipo-estado-estacion/no-operativa", "address": "205- Lagos Alba: Trigoniero", "tipoEquipamiento": "http://vocab.linkeddata.es/datosabiertos/kos/urbanismo-infraestructuras/equipamiento/tipo-equipamiento/estacion-de-bicicletas", "bicisDisponibles": 6, "anclajesDisponibles": 13, "lastUpdated": "2026-02-25T17:08:06Z", "description": "<ul><li>Estado: Operativa</li><li>Bicis disponibles: 6</li><li>Anclajes disponibles: 13</li></ul><p>Actualizado: 17:08</p>", "descripcion": "Datos de la estación bizi 205- Lagos Alba: Trigoniero", "icon": "//www.zaragoza.es/contenidos/iconos/bizi/conbicis.png", "capacity": 19, "ratio_ocupacion": 0.31578947368421051 }, "geometry": { "type": "Point", "coordinates": [ -0.931050167797641, 41.660625643958397 ] } },
{ "type": "Feature", "properties": { "id": "207", "about": "http://www.zaragoza.es/ciudad/viapublica/movilidad/bici/detalle_Bizi?oid=207", "title": "202- Lagos Coronas: Camisera", "estado": "IN_SERVICE", "estadoEstacion": "http://vocab.linkeddata.es/datosabiertos/kos/transporte/bicicleta-publica/tipo-estado-estacion/no-operativa", "address": "202- Lagos Coronas: Camisera", "tipoEquipamiento": "http://vocab.linkeddata.es/datosabiertos/kos/urbanismo-infraestructuras/equipamiento/tipo-equipamiento/estacion-de-bicicletas", "bicisDisponibles": 5, "anclajesDisponibles": 14, "lastUpdated": "2026-02-25T17:08:06Z", "description": "<ul><li>Estado: Operativa</li><li>Bicis disponibles: 5</li><li>Anclajes disponibles: 14</li></ul><p>Actualizado: 17:08</p>", "descripcion": "Datos de la estación bizi 202- Lagos Coronas: Camisera", "icon": "//www.zaragoza.es/contenidos/iconos/bizi/conbicis.png", "capacity": 19, "ratio_ocupacion": 0.26315789473684209 }, "geometry": { "type": "Point", "coordinates": [ -0.934436345705876, 41.653894709789554 ] } },
{ "type": "Feature", "properties": { "id": "206", "about": "http://www.zaragoza.es/ciudad/viapublica/movilidad/bici/detalle_Bizi?oid=206", "title": "210- Rda. Hispanidad: Tiziano", "estado": "IN_SERVICE", "estadoEstacion": "http://vocab.linkeddata.es/datosabiertos/kos/transporte/bicicleta-publica/tipo-estado-estacion/no-operativa", "address": "210- Rda. Hispanidad: Tiziano", "tipoEquipamiento": "http://vocab.linkeddata.es/datosabiertos/kos/urbanismo-infraestructuras/equipamiento/tipo-equipamiento/estacion-de-bicicletas", "bicisDisponibles": 7, "anclajesDisponibles": 12, "lastUpdated": "2026-02-25T17:08:06Z", "description": "<ul><li>Estado: Operativa</li><li>Bicis disponibles: 7</li><li>Anclajes disponibles: 12</li></ul><p>Actualizado: 17:08</p>", "descripcion": "Datos de la estación bizi 210- Rda. Hispanidad: Tiziano", "icon": "//www.zaragoza.es/contenidos/iconos/bizi/conbicis.png", "capacity": 19, "ratio_ocupacion": 0.36842105263157893 }, "geometry": { "type": "Point", "coordinates": [ -0.876252141844296, 41.620298836457216 ] } },
{ "type": "Feature", "properties": { "id": "205", "about": "http://www.zaragoza.es/ciudad/viapublica/movilidad/bici/detalle_Bizi?oid=205", "title": "209- Puente Los Suspiros", "estado": "IN_SERVICE", "estadoEstacion": "http://vocab.linkeddata.es/datosabiertos/kos/transporte/bicicleta-publica/tipo-estado-estacion/no-operativa", "address": "209- Puente Los Suspiros", "tipoEquipamiento": "http://vocab.linkeddata.es/datosabiertos/kos/urbanismo-infraestructuras/equipamiento/tipo-equipamiento/estacion-de-bicicletas", "bicisDisponibles": 0, "anclajesDisponibles": 18, "lastUpdated": "2026-02-25T17:08:06Z", "description": "<ul><li>Estado: Operativa</li><li>Bicis disponibles: 0</li><li>Anclajes disponibles: 18</li></ul><p>Actualizado: 17:08</p>", "descripcion": "Datos de la estación bizi 209- Puente Los Suspiros", "icon": "//www.zaragoza.es/contenidos/iconos/bizi/sinbicis.png", "capacity": 18, "ratio_ocupacion": 0.0 }, "geometry": { "type": "Point", "coordinates": [ -0.875333196875731, 41.61810282558843 ] } },
{ "type": "Feature", "properties": { "id": "204", "about": "http://www.zaragoza.es/ciudad/viapublica/movilidad/bici/detalle_Bizi?oid=204", "title": "203- Lagos Llosas: Solana", "estado": "IN_SERVICE", "estadoEstacion": "http://vocab.linkeddata.es/datosabiertos/kos/transporte/bicicleta-publica/tipo-estado-estacion/no-operativa", "address": "203- Lagos Llosas: Solana", "tipoEquipamiento": "http://vocab.linkeddata.es/datosabiertos/kos/urbanismo-infraestructuras/equipamiento/tipo-equipamiento/estacion-de-bicicletas", "bicisDisponibles": 0, "anclajesDisponibles": 19, "lastUpdated": "2026-02-25T17:08:06Z", "description": "<ul><li>Estado: Operativa</li><li>Bicis disponibles: 0</li><li>Anclajes disponibles: 19</li></ul><p>Actualizado: 17:08</p>", "descripcion": "Datos de la estación bizi 203- Lagos Llosas: Solana", "icon": "//www.zaragoza.es/contenidos/iconos/bizi/sinbicis.png", "capacity": 19, "ratio_ocupacion": 0.0 }, "geometry": { "type": "Point", "coordinates": [ -0.929271122959348, 41.662278613142497 ] } },
{ "type": "Feature", "properties": { "id": "203", "about": "http://www.zaragoza.es/ciudad/viapublica/movilidad/bici/detalle_Bizi?oid=203", "title": "187- Pza. Marco Polo", "estado": "IN_SERVICE", "estadoEstacion": "http://vocab.linkeddata.es/datosabiertos/kos/transporte/bicicleta-publica/tipo-estado-estacion/no-operativa", "address": "187- Pza. Marco Polo", "tipoEquipamiento": "http://vocab.linkeddata.es/datosabiertos/kos/urbanismo-infraestructuras/equipamiento/tipo-equipamiento/estacion-de-bicicletas", "bicisDisponibles": 11, "anclajesDisponibles": 8, "lastUpdated": "2026-02-25T17:08:06Z", "description": "<ul><li>Estado: Operativa</li><li>Bicis disponibles: 11</li><li>Anclajes disponibles: 8</li></ul><p>Actualizado: 17:08</p>", "descripcion": "Datos de la estación bizi 187- Pza. Marco Polo", "icon": "//www.zaragoza.es/contenidos/iconos/bizi/conbicis.png", "capacity": 19, "ratio_ocupacion": 0.57894736842105265 }, "geometry": { "type": "Point", "coordinates": [ -0.873560146910672, 41.61998279100618 ] } },
{ "type": "Feature", "properties": { "id": "202", "about": "http://www.zaragoza.es/ciudad/viapublica/movilidad/bici/detalle_Bizi?oid=202", "title": "188- Pza. San Marcos", "estado": "IN_SERVICE", "estadoEstacion": "http://vocab.linkeddata.es/datosabiertos/kos/transporte/bicicleta-publica/tipo-estado-estacion/no-operativa", "address": "188- Pza. San Marcos", "tipoEquipamiento": "http://vocab.linkeddata.es/datosabiertos/kos/urbanismo-infraestructuras/equipamiento/tipo-equipamiento/estacion-de-bicicletas", "bicisDisponibles": 5, "anclajesDisponibles": 14, "lastUpdated": "2026-02-25T17:08:06Z", "description": "<ul><li>Estado: Operativa</li><li>Bicis disponibles: 5</li><li>Anclajes disponibles: 14</li></ul><p>Actualizado: 17:08</p>", "descripcion": "Datos de la estación bizi 188- Pza. San Marcos", "icon": "//www.zaragoza.es/contenidos/iconos/bizi/conbicis.png", "capacity": 19, "ratio_ocupacion": 0.26315789473684209 }, "geometry": { "type": "Point", "coordinates": [ -0.873097586600224, 41.615715934864987 ] } },
{ "type": "Feature", "properties": { "id": "201", "about": "http://www.zaragoza.es/ciudad/viapublica/movilidad/bici/detalle_Bizi?oid=201", "title": "186- Cuarta Avenida: Magaña", "estado": "IN_SERVICE", "estadoEstacion": "http://vocab.linkeddata.es/datosabiertos/kos/transporte/bicicleta-publica/tipo-estado-estacion/no-operativa", "address": "186- Cuarta Avenida: Magaña", "tipoEquipamiento": "http://vocab.linkeddata.es/datosabiertos/kos/urbanismo-infraestructuras/equipamiento/tipo-equipamiento/estacion-de-bicicletas", "bicisDisponibles": 7, "anclajesDisponibles": 11, "lastUpdated": "2026-02-25T17:08:06Z", "description": "<ul><li>Estado: Operativa</li><li>Bicis disponibles: 7</li><li>Anclajes disponibles: 11</li></ul><p>Actualizado: 17:08</p>", "descripcion": "Datos de la estación bizi 186- Cuarta Avenida: Magaña", "icon": "//www.zaragoza.es/contenidos/iconos/bizi/conbicis.png", "capacity": 18, "ratio_ocupacion": 0.3888888888888889 }, "geometry": { "type": "Point", "coordinates": [ -0.876067023055617, 41.624942822934401 ] } },
{ "type": "Feature", "properties": { "id": "200", "about": "http://www.zaragoza.es/ciudad/viapublica/movilidad/bici/detalle_Bizi?oid=200", "title": "185- Cuarta Avenida: Montecarlo", "estado": "IN_SERVICE", "estadoEstacion": "http://vocab.linkeddata.es/datosabiertos/kos/transporte/bicicleta-publica/tipo-estado-estacion/no-operativa", "address": "185- Cuarta Avenida: Montecarlo", "tipoEquipamiento": "http://vocab.linkeddata.es/datosabiertos/kos/urbanismo-infraestructuras/equipamiento/tipo-equipamiento/estacion-de-bicicletas", "bicisDisponibles": 5, "anclajesDisponibles": 14, "lastUpdated": "2026-02-25T17:08:06Z", "description": "<ul><li>Estado: Operativa</li><li>Bicis disponibles: 5</li><li>Anclajes disponibles: 14</li></ul><p>Actualizado: 17:08</p>", "descripcion": "Datos de la estación bizi 185- Cuarta Avenida: Montecarlo", "icon": "//www.zaragoza.es/contenidos/iconos/bizi/conbicis.png", "capacity": 19, "ratio_ocupacion": 0.26315789473684209 }, "geometry": { "type": "Point", "coordinates": [ -0.878967031269604, 41.62474487311151 ] } },
{ "type": "Feature", "properties": { "id": "199", "about": "http://www.zaragoza.es/ciudad/viapublica/movilidad/bici/detalle_Bizi?oid=199", "title": "180- V. Huarte: Barbastro", "estado": "IN_SERVICE", "estadoEstacion": "http://vocab.linkeddata.es/datosabiertos/kos/transporte/bicicleta-publica/tipo-estado-estacion/no-operativa", "address": "180- V. Huarte: Barbastro", "tipoEquipamiento": "http://vocab.linkeddata.es/datosabiertos/kos/urbanismo-infraestructuras/equipamiento/tipo-equipamiento/estacion-de-bicicletas", "bicisDisponibles": 6, "anclajesDisponibles": 13, "lastUpdated": "2026-02-25T17:08:06Z", "description": "<ul><li>Estado: Operativa</li><li>Bicis disponibles: 6</li><li>Anclajes disponibles: 13</li></ul><p>Actualizado: 17:08</p>", "descripcion": "Datos de la estación bizi 180- V. Huarte: Barbastro", "icon": "//www.zaragoza.es/contenidos/iconos/bizi/conbicis.png", "capacity": 19, "ratio_ocupacion": 0.31578947368421051 }, "geometry": { "type": "Point", "coordinates": [ -0.891646980741901, 41.62725708502628 ] } },
{ "type": "Feature", "properties": { "id": "198", "about": "http://www.zaragoza.es/ciudad/viapublica/movilidad/bici/detalle_Bizi?oid=198", "title": "179-Fray J. Garcés: Lerga Luna", "estado": "IN_SERVICE", "estadoEstacion": "http://vocab.linkeddata.es/datosabiertos/kos/transporte/bicicleta-publica/tipo-estado-estacion/no-operativa", "address": "179-Fray J. Garcés: Lerga Luna", "tipoEquipamiento": "http://vocab.linkeddata.es/datosabiertos/kos/urbanismo-infraestructuras/equipamiento/tipo-equipamiento/estacion-de-bicicletas", "bicisDisponibles": 8, "anclajesDisponibles": 15, "lastUpdated": "2026-02-25T17:08:06Z", "description": "<ul><li>Estado: Operativa</li><li>Bicis disponibles: 8</li><li>Anclajes disponibles: 15</li></ul><p>Actualizado: 17:08</p>", "descripcion": "Datos de la estación bizi 179-Fray J. Garcés: Lerga Luna", "icon": "//www.zaragoza.es/contenidos/iconos/bizi/conbicis.png", "capacity": 23, "ratio_ocupacion": 0.34782608695652173 }, "geometry": { "type": "Point", "coordinates": [ -0.888216980673895, 41.627115026499041 ] } },
{ "type": "Feature", "properties": { "id": "197", "about": "http://www.zaragoza.es/ciudad/viapublica/movilidad/bici/detalle_Bizi?oid=197", "title": "178- Pinar: Cuarte", "estado": "IN_SERVICE", "estadoEstacion": "http://vocab.linkeddata.es/datosabiertos/kos/transporte/bicicleta-publica/tipo-estado-estacion/no-operativa", "address": "178- Pinar: Cuarte", "tipoEquipamiento": "http://vocab.linkeddata.es/datosabiertos/kos/urbanismo-infraestructuras/equipamiento/tipo-equipamiento/estacion-de-bicicletas", "bicisDisponibles": 11, "anclajesDisponibles": 7, "lastUpdated": "2026-02-25T17:08:06Z", "description": "<ul><li>Estado: Operativa</li><li>Bicis disponibles: 11</li><li>Anclajes disponibles: 7</li></ul><p>Actualizado: 17:08</p>", "descripcion": "Datos de la estación bizi 178- Pinar: Cuarte", "icon": "//www.zaragoza.es/contenidos/iconos/bizi/conbicis.png", "capacity": 18, "ratio_ocupacion": 0.61111111111111116 }, "geometry": { "type": "Point", "coordinates": [ -0.890914920596685, 41.629573067323854 ] } },
{ "type": "Feature", "properties": { "id": "196", "about": "http://www.zaragoza.es/ciudad/viapublica/movilidad/bici/detalle_Bizi?oid=196", "title": "177- Fray J. Garcés: Boente", "estado": "IN_SERVICE", "estadoEstacion": "http://vocab.linkeddata.es/datosabiertos/kos/transporte/bicicleta-publica/tipo-estado-estacion/no-operativa", "address": "177- Fray J. Garcés: Boente", "tipoEquipamiento": "http://vocab.linkeddata.es/datosabiertos/kos/urbanismo-infraestructuras/equipamiento/tipo-equipamiento/estacion-de-bicicletas", "bicisDisponibles": 6, "anclajesDisponibles": 13, "lastUpdated": "2026-02-25T17:08:06Z", "description": "<ul><li>Estado: Operativa</li><li>Bicis disponibles: 6</li><li>Anclajes disponibles: 13</li></ul><p>Actualizado: 17:08</p>", "descripcion": "Datos de la estación bizi 177- Fray J. Garcés: Boente", "icon": "//www.zaragoza.es/contenidos/iconos/bizi/conbicis.png", "capacity": 19, "ratio_ocupacion": 0.31578947368421051 }, "geometry": { "type": "Point", "coordinates": [ -0.887473911574895, 41.629782007820282 ] } },
{ "type": "Feature", "properties": { "id": "195", "about": "http://www.zaragoza.es/ciudad/viapublica/movilidad/bici/detalle_Bizi?oid=195", "title": "174- Octavio Toledo: Buenavista", "estado": "IN_SERVICE", "estadoEstacion": "http://vocab.linkeddata.es/datosabiertos/kos/transporte/bicicleta-publica/tipo-estado-estacion/no-operativa", "address": "174- Octavio Toledo: Buenavista", "tipoEquipamiento": "http://vocab.linkeddata.es/datosabiertos/kos/urbanismo-infraestructuras/equipamiento/tipo-equipamiento/estacion-de-bicicletas", "bicisDisponibles": 2, "anclajesDisponibles": 17, "lastUpdated": "2026-02-25T17:08:06Z", "description": "<ul><li>Estado: Operativa</li><li>Bicis disponibles: 2</li><li>Anclajes disponibles: 17</li></ul><p>Actualizado: 17:08</p>", "descripcion": "Datos de la estación bizi 174- Octavio Toledo: Buenavista", "icon": "//www.zaragoza.es/contenidos/iconos/bizi/conbicis.png", "capacity": 19, "ratio_ocupacion": 0.10526315789473684 }, "geometry": { "type": "Point", "coordinates": [ -0.89069985421677, 41.632154057894489 ] } },
{ "type": "Feature", "properties": { "id": "194", "about": "http://www.zaragoza.es/ciudad/viapublica/movilidad/bici/detalle_Bizi?oid=194", "title": "201-Lagos Coronas: Leyva", "estado": "IN_SERVICE", "estadoEstacion": "http://vocab.linkeddata.es/datosabiertos/kos/transporte/bicicleta-publica/tipo-estado-estacion/no-operativa", "address": "201-Lagos Coronas: Leyva", "tipoEquipamiento": "http://vocab.linkeddata.es/datosabiertos/kos/urbanismo-infraestructuras/equipamiento/tipo-equipamiento/estacion-de-bicicletas", "bicisDisponibles": 13, "anclajesDisponibles": 5, "lastUpdated": "2026-02-25T17:08:06Z", "description": "<ul><li>Estado: Operativa</li><li>Bicis disponibles: 13</li><li>Anclajes disponibles: 5</li></ul><p>Actualizado: 17:08</p>", "descripcion": "Datos de la estación bizi 201-Lagos Coronas: Leyva", "icon": "//www.zaragoza.es/contenidos/iconos/bizi/conbicis.png", "capacity": 18, "ratio_ocupacion": 0.72222222222222221 }, "geometry": { "type": "Point", "coordinates": [ -0.933189419415176, 41.650978696614494 ] } },
{ "type": "Feature", "properties": { "id": "193", "about": "http://www.zaragoza.es/ciudad/viapublica/movilidad/bici/detalle_Bizi?oid=193", "title": "184- Cuarta Avenida: Oviedo", "estado": "IN_SERVICE", "estadoEstacion": "http://vocab.linkeddata.es/datosabiertos/kos/transporte/bicicleta-publica/tipo-estado-estacion/no-operativa", "address": "184- Cuarta Avenida: Oviedo", "tipoEquipamiento": "http://vocab.linkeddata.es/datosabiertos/kos/urbanismo-infraestructuras/equipamiento/tipo-equipamiento/estacion-de-bicicletas", "bicisDisponibles": 12, "anclajesDisponibles": 7, "lastUpdated": "2026-02-25T17:08:06Z", "description": "<ul><li>Estado: Operativa</li><li>Bicis disponibles: 12</li><li>Anclajes disponibles: 7</li></ul><p>Actualizado: 17:08</p>", "descripcion": "Datos de la estación bizi 184- Cuarta Avenida: Oviedo", "icon": "//www.zaragoza.es/contenidos/iconos/bizi/conbicis.png", "capacity": 19, "ratio_ocupacion": 0.63157894736842102 }, "geometry": { "type": "Point", "coordinates": [ -0.883013001636762, 41.626075939542069 ] } },
{ "type": "Feature", "properties": { "id": "192", "about": "http://www.zaragoza.es/ciudad/viapublica/movilidad/bici/detalle_Bizi?oid=192", "title": "183- Corazón de Jesús: Padua", "estado": "IN_SERVICE", "estadoEstacion": "http://vocab.linkeddata.es/datosabiertos/kos/transporte/bicicleta-publica/tipo-estado-estacion/no-operativa", "address": "183- Corazón de Jesús: Padua", "tipoEquipamiento": "http://vocab.linkeddata.es/datosabiertos/kos/urbanismo-infraestructuras/equipamiento/tipo-equipamiento/estacion-de-bicicletas", "bicisDisponibles": 0, "anclajesDisponibles": 15, "lastUpdated": "2026-02-25T17:08:06Z", "description": "<ul><li>Estado: Operativa</li><li>Bicis disponibles: 0</li><li>Anclajes disponibles: 15</li></ul><p>Actualizado: 17:08</p>", "descripcion": "Datos de la estación bizi 183- Corazón de Jesús: Padua", "icon": "//www.zaragoza.es/contenidos/iconos/bizi/sinbicis.png", "capacity": 15, "ratio_ocupacion": 0.0 }, "geometry": { "type": "Point", "coordinates": [ -0.875716938988202, 41.628219809612752 ] } },
{ "type": "Feature", "properties": { "id": "191", "about": "http://www.zaragoza.es/ciudad/viapublica/movilidad/bici/detalle_Bizi?oid=191", "title": "182- Parq. La Paz", "estado": "IN_SERVICE", "estadoEstacion": "http://vocab.linkeddata.es/datosabiertos/kos/transporte/bicicleta-publica/tipo-estado-estacion/no-operativa", "address": "182- Parq. La Paz", "tipoEquipamiento": "http://vocab.linkeddata.es/datosabiertos/kos/urbanismo-infraestructuras/equipamiento/tipo-equipamiento/estacion-de-bicicletas", "bicisDisponibles": 3, "anclajesDisponibles": 14, "lastUpdated": "2026-02-25T17:08:06Z", "description": "<ul><li>Estado: Operativa</li><li>Bicis disponibles: 3</li><li>Anclajes disponibles: 14</li></ul><p>Actualizado: 17:08</p>", "descripcion": "Datos de la estación bizi 182- Parq. La Paz", "icon": "//www.zaragoza.es/contenidos/iconos/bizi/conbicis.png", "capacity": 17, "ratio_ocupacion": 0.17647058823529413 }, "geometry": { "type": "Point", "coordinates": [ -0.879321954317608, 41.627770872452636 ] } },
{ "type": "Feature", "properties": { "id": "190", "about": "http://www.zaragoza.es/ciudad/viapublica/movilidad/bici/detalle_Bizi?oid=190", "title": "181-Castellar: Lasierra Purroy", "estado": "IN_SERVICE", "estadoEstacion": "http://vocab.linkeddata.es/datosabiertos/kos/transporte/bicicleta-publica/tipo-estado-estacion/no-operativa", "address": "181-Castellar: Lasierra Purroy", "tipoEquipamiento": "http://vocab.linkeddata.es/datosabiertos/kos/urbanismo-infraestructuras/equipamiento/tipo-equipamiento/estacion-de-bicicletas", "bicisDisponibles": 7, "anclajesDisponibles": 12, "lastUpdated": "2026-02-25T17:08:06Z", "description": "<ul><li>Estado: Operativa</li><li>Bicis disponibles: 7</li><li>Anclajes disponibles: 12</li></ul><p>Actualizado: 17:08</p>", "descripcion": "Datos de la estación bizi 181-Castellar: Lasierra Purroy", "icon": "//www.zaragoza.es/contenidos/iconos/bizi/conbicis.png", "capacity": 19, "ratio_ocupacion": 0.36842105263157893 }, "geometry": { "type": "Point", "coordinates": [ -0.883911936496839, 41.628659949208611 ] } },
{ "type": "Feature", "properties": { "id": "189", "about": "http://www.zaragoza.es/ciudad/viapublica/movilidad/bici/detalle_Bizi?oid=189", "title": "206-Lagos Coronas: Astún", "estado": "IN_SERVICE", "estadoEstacion": "http://vocab.linkeddata.es/datosabiertos/kos/transporte/bicicleta-publica/tipo-estado-estacion/no-operativa", "address": "206-Lagos Coronas: Astún", "tipoEquipamiento": "http://vocab.linkeddata.es/datosabiertos/kos/urbanismo-infraestructuras/equipamiento/tipo-equipamiento/estacion-de-bicicletas", "bicisDisponibles": 4, "anclajesDisponibles": 15, "lastUpdated": "2026-02-25T17:08:06Z", "description": "<ul><li>Estado: Operativa</li><li>Bicis disponibles: 4</li><li>Anclajes disponibles: 15</li></ul><p>Actualizado: 17:08</p>", "descripcion": "Datos de la estación bizi 206-Lagos Coronas: Astún", "icon": "//www.zaragoza.es/contenidos/iconos/bizi/conbicis.png", "capacity": 19, "ratio_ocupacion": 0.21052631578947367 }, "geometry": { "type": "Point", "coordinates": [ -0.934070638604036, 41.656864138124952 ] } },
{ "type": "Feature", "properties": { "id": "188", "about": "http://www.zaragoza.es/ciudad/viapublica/movilidad/bici/detalle_Bizi?oid=188", "title": "258- Parq. Maska: Rallo Lahoz", "estado": "IN_SERVICE", "estadoEstacion": "http://vocab.linkeddata.es/datosabiertos/kos/transporte/bicicleta-publica/tipo-estado-estacion/no-operativa", "address": "258- Parq. Maska: Rallo Lahoz", "tipoEquipamiento": "http://vocab.linkeddata.es/datosabiertos/kos/urbanismo-infraestructuras/equipamiento/tipo-equipamiento/estacion-de-bicicletas", "bicisDisponibles": 2, "anclajesDisponibles": 17, "lastUpdated": "2026-02-25T17:08:06Z", "description": "<ul><li>Estado: Operativa</li><li>Bicis disponibles: 2</li><li>Anclajes disponibles: 17</li></ul><p>Actualizado: 17:08</p>", "descripcion": "Datos de la estación bizi 258- Parq. Maska: Rallo Lahoz", "icon": "//www.zaragoza.es/contenidos/iconos/bizi/conbicis.png", "capacity": 19, "ratio_ocupacion": 0.10526315789473684 }, "geometry": { "type": "Point", "coordinates": [ -0.926923281468443, 41.656024590083184 ] } },
{ "type": "Feature", "properties": { "id": "187", "about": "http://www.zaragoza.es/ciudad/viapublica/movilidad/bici/detalle_Bizi?oid=187", "title": "176-Tierno Galván: S. Ramírez", "estado": "IN_SERVICE", "estadoEstacion": "http://vocab.linkeddata.es/datosabiertos/kos/transporte/bicicleta-publica/tipo-estado-estacion/no-operativa", "address": "176-Tierno Galván: S. Ramírez", "tipoEquipamiento": "http://vocab.linkeddata.es/datosabiertos/kos/urbanismo-infraestructuras/equipamiento/tipo-equipamiento/estacion-de-bicicletas", "bicisDisponibles": 4, "anclajesDisponibles": 14, "lastUpdated": "2026-02-25T17:08:06Z", "description": "<ul><li>Estado: Operativa</li><li>Bicis disponibles: 4</li><li>Anclajes disponibles: 14</li></ul><p>Actualizado: 17:08</p>", "descripcion": "Datos de la estación bizi 176-Tierno Galván: S. Ramírez", "icon": "//www.zaragoza.es/contenidos/iconos/bizi/conbicis.png", "capacity": 18, "ratio_ocupacion": 0.22222222222222221 }, "geometry": { "type": "Point", "coordinates": [ -0.881917846759744, 41.632084907357559 ] } },
{ "type": "Feature", "properties": { "id": "186", "about": "http://www.zaragoza.es/ciudad/viapublica/movilidad/bici/detalle_Bizi?oid=186", "title": "175-Pza. Las Canteras", "estado": "IN_SERVICE", "estadoEstacion": "http://vocab.linkeddata.es/datosabiertos/kos/transporte/bicicleta-publica/tipo-estado-estacion/no-operativa", "address": "175-Pza. Las Canteras", "tipoEquipamiento": "http://vocab.linkeddata.es/datosabiertos/kos/urbanismo-infraestructuras/equipamiento/tipo-equipamiento/estacion-de-bicicletas", "bicisDisponibles": 5, "anclajesDisponibles": 14, "lastUpdated": "2026-02-25T17:08:06Z", "description": "<ul><li>Estado: Operativa</li><li>Bicis disponibles: 5</li><li>Anclajes disponibles: 14</li></ul><p>Actualizado: 17:08</p>", "descripcion": "Datos de la estación bizi 175-Pza. Las Canteras", "icon": "//www.zaragoza.es/contenidos/iconos/bizi/conbicis.png", "capacity": 19, "ratio_ocupacion": 0.26315789473684209 }, "geometry": { "type": "Point", "coordinates": [ -0.885460855776778, 41.631877968611448 ] } },
{ "type": "Feature", "properties": { "id": "185", "about": "http://www.zaragoza.es/ciudad/viapublica/movilidad/bici/detalle_Bizi?oid=185", "title": "173-Pignatelli: Ruiz Tapiador", "estado": "IN_SERVICE", "estadoEstacion": "http://vocab.linkeddata.es/datosabiertos/kos/transporte/bicicleta-publica/tipo-estado-estacion/no-operativa", "address": "173-Pignatelli: Ruiz Tapiador", "tipoEquipamiento": "http://vocab.linkeddata.es/datosabiertos/kos/urbanismo-infraestructuras/equipamiento/tipo-equipamiento/estacion-de-bicicletas", "bicisDisponibles": 0, "anclajesDisponibles": 19, "lastUpdated": "2026-02-25T17:08:06Z", "description": "<ul><li>Estado: Operativa</li><li>Bicis disponibles: 0</li><li>Anclajes disponibles: 19</li></ul><p>Actualizado: 17:08</p>", "descripcion": "Datos de la estación bizi 173-Pignatelli: Ruiz Tapiador", "icon": "//www.zaragoza.es/contenidos/iconos/bizi/sinbicis.png", "capacity": 19, "ratio_ocupacion": 0.0 }, "geometry": { "type": "Point", "coordinates": [ -0.888392820176917, 41.633388015556939 ] } },
{ "type": "Feature", "properties": { "id": "184", "about": "http://www.zaragoza.es/ciudad/viapublica/movilidad/bici/detalle_Bizi?oid=184", "title": "105-Dr. Horno: Sacramento", "estado": "IN_SERVICE", "estadoEstacion": "http://vocab.linkeddata.es/datosabiertos/kos/transporte/bicicleta-publica/tipo-estado-estacion/no-operativa", "address": "105-Dr. Horno: Sacramento", "tipoEquipamiento": "http://vocab.linkeddata.es/datosabiertos/kos/urbanismo-infraestructuras/equipamiento/tipo-equipamiento/estacion-de-bicicletas", "bicisDisponibles": 0, "anclajesDisponibles": 19, "lastUpdated": "2026-02-25T17:08:06Z", "description": "<ul><li>Estado: Operativa</li><li>Bicis disponibles: 0</li><li>Anclajes disponibles: 19</li></ul><p>Actualizado: 17:08</p>", "descripcion": "Datos de la estación bizi 105-Dr. Horno: Sacramento", "icon": "//www.zaragoza.es/contenidos/iconos/bizi/sinbicis.png", "capacity": 19, "ratio_ocupacion": 0.0 }, "geometry": { "type": "Point", "coordinates": [ -0.89105941412293, 41.649330025692009 ] } },
{ "type": "Feature", "properties": { "id": "183", "about": "http://www.zaragoza.es/ciudad/viapublica/movilidad/bici/detalle_Bizi?oid=183", "title": "96-Pomarón: Pº La Mina ", "estado": "IN_SERVICE", "estadoEstacion": "http://vocab.linkeddata.es/datosabiertos/kos/transporte/bicicleta-publica/tipo-estado-estacion/no-operativa", "address": "96-Pomarón: Pº La Mina ", "tipoEquipamiento": "http://vocab.linkeddata.es/datosabiertos/kos/urbanismo-infraestructuras/equipamiento/tipo-equipamiento/estacion-de-bicicletas", "bicisDisponibles": 3, "anclajesDisponibles": 18, "lastUpdated": "2026-02-25T17:08:06Z", "description": "<ul><li>Estado: Operativa</li><li>Bicis disponibles: 3</li><li>Anclajes disponibles: 18</li></ul><p>Actualizado: 17:08</p>", "descripcion": "Datos de la estación bizi 96-Pomarón: Pº La Mina ", "icon": "//www.zaragoza.es/contenidos/iconos/bizi/conbicis.png", "capacity": 21, "ratio_ocupacion": 0.14285714285714285 }, "geometry": { "type": "Point", "coordinates": [ -0.877329438395596, 41.64787079317523 ] } },
{ "type": "Feature", "properties": { "id": "182", "about": "http://www.zaragoza.es/ciudad/viapublica/movilidad/bici/detalle_Bizi?oid=182", "title": "141-Cataluña: Aguas Vivas", "estado": "IN_SERVICE", "estadoEstacion": "http://vocab.linkeddata.es/datosabiertos/kos/transporte/bicicleta-publica/tipo-estado-estacion/no-operativa", "address": "141-Cataluña: Aguas Vivas", "tipoEquipamiento": "http://vocab.linkeddata.es/datosabiertos/kos/urbanismo-infraestructuras/equipamiento/tipo-equipamiento/estacion-de-bicicletas", "bicisDisponibles": 11, "anclajesDisponibles": 8, "lastUpdated": "2026-02-25T17:08:06Z", "description": "<ul><li>Estado: Operativa</li><li>Bicis disponibles: 11</li><li>Anclajes disponibles: 8</li></ul><p>Actualizado: 17:08</p>", "descripcion": "Datos de la estación bizi 141-Cataluña: Aguas Vivas", "icon": "//www.zaragoza.es/contenidos/iconos/bizi/conbicis.png", "capacity": 19, "ratio_ocupacion": 0.57894736842105265 }, "geometry": { "type": "Point", "coordinates": [ -0.846173849352534, 41.669878202476802 ] } },
{ "type": "Feature", "properties": { "id": "181", "about": "http://www.zaragoza.es/ciudad/viapublica/movilidad/bici/detalle_Bizi?oid=181", "title": "140-Cataluña: I. Sto. Domingo", "estado": "IN_SERVICE", "estadoEstacion": "http://vocab.linkeddata.es/datosabiertos/kos/transporte/bicicleta-publica/tipo-estado-estacion/no-operativa", "address": "140-Cataluña: I. Sto. Domingo", "tipoEquipamiento": "http://vocab.linkeddata.es/datosabiertos/kos/urbanismo-infraestructuras/equipamiento/tipo-equipamiento/estacion-de-bicicletas", "bicisDisponibles": 8, "anclajesDisponibles": 11, "lastUpdated": "2026-02-25T17:08:06Z", "description": "<ul><li>Estado: Operativa</li><li>Bicis disponibles: 8</li><li>Anclajes disponibles: 11</li></ul><p>Actualizado: 17:08</p>", "descripcion": "Datos de la estación bizi 140-Cataluña: I. Sto. Domingo", "icon": "//www.zaragoza.es/contenidos/iconos/bizi/conbicis.png", "capacity": 19, "ratio_ocupacion": 0.42105263157894735 }, "geometry": { "type": "Point", "coordinates": [ -0.852858911356743, 41.667514328177553 ] } },
{ "type": "Feature", "properties": { "id": "180", "about": "http://www.zaragoza.es/ciudad/viapublica/movilidad/bici/detalle_Bizi?oid=180", "title": "139-Cataluña: Sta. Fe", "estado": "IN_SERVICE", "estadoEstacion": "http://vocab.linkeddata.es/datosabiertos/kos/transporte/bicicleta-publica/tipo-estado-estacion/no-operativa", "address": "139-Cataluña: Sta. Fe", "tipoEquipamiento": "http://vocab.linkeddata.es/datosabiertos/kos/urbanismo-infraestructuras/equipamiento/tipo-equipamiento/estacion-de-bicicletas", "bicisDisponibles": 5, "anclajesDisponibles": 13, "lastUpdated": "2026-02-25T17:08:05Z", "description": "<ul><li>Estado: Operativa</li><li>Bicis disponibles: 5</li><li>Anclajes disponibles: 13</li></ul><p>Actualizado: 17:08</p>", "descripcion": "Datos de la estación bizi 139-Cataluña: Sta. Fe", "icon": "//www.zaragoza.es/contenidos/iconos/bizi/conbicis.png", "capacity": 18, "ratio_ocupacion": 0.27777777777777779 }, "geometry": { "type": "Point", "coordinates": [ -0.856098960820478, 41.665812387689726 ] } },
{ "type": "Feature", "properties": { "id": "179", "about": "http://www.zaragoza.es/ciudad/viapublica/movilidad/bici/detalle_Bizi?oid=179", "title": "63-Broto: Guara", "estado": "IN_SERVICE", "estadoEstacion": "http://vocab.linkeddata.es/datosabiertos/kos/transporte/bicicleta-publica/tipo-estado-estacion/no-operativa", "address": "63-Broto: Guara", "tipoEquipamiento": "http://vocab.linkeddata.es/datosabiertos/kos/urbanismo-infraestructuras/equipamiento/tipo-equipamiento/estacion-de-bicicletas", "bicisDisponibles": 3, "anclajesDisponibles": 16, "lastUpdated": "2026-02-25T17:08:05Z", "description": "<ul><li>Estado: Operativa</li><li>Bicis disponibles: 3</li><li>Anclajes disponibles: 16</li></ul><p>Actualizado: 17:08</p>", "descripcion": "Datos de la estación bizi 63-Broto: Guara", "icon": "//www.zaragoza.es/contenidos/iconos/bizi/conbicis.png", "capacity": 19, "ratio_ocupacion": 0.15789473684210525 }, "geometry": { "type": "Point", "coordinates": [ -0.873534958986436, 41.66642268593656 ] } },
{ "type": "Feature", "properties": { "id": "178", "about": "http://www.zaragoza.es/ciudad/viapublica/movilidad/bici/detalle_Bizi?oid=178", "title": "264-Burriel: Zapater", "estado": "IN_SERVICE", "estadoEstacion": "http://vocab.linkeddata.es/datosabiertos/kos/transporte/bicicleta-publica/tipo-estado-estacion/no-operativa", "address": "264-Burriel: Zapater", "tipoEquipamiento": "http://vocab.linkeddata.es/datosabiertos/kos/urbanismo-infraestructuras/equipamiento/tipo-equipamiento/estacion-de-bicicletas", "bicisDisponibles": 15, "anclajesDisponibles": 2, "lastUpdated": "2026-02-25T17:08:05Z", "description": "<ul><li>Estado: Operativa</li><li>Bicis disponibles: 15</li><li>Anclajes disponibles: 2</li></ul><p>Actualizado: 17:08</p>", "descripcion": "Datos de la estación bizi 264-Burriel: Zapater", "icon": "//www.zaragoza.es/contenidos/iconos/bizi/conbicis.png", "capacity": 17, "ratio_ocupacion": 0.88235294117647056 }, "geometry": { "type": "Point", "coordinates": [ -0.855255190056087, 41.65680339381106 ] } },
{ "type": "Feature", "properties": { "id": "177", "about": "http://www.zaragoza.es/ciudad/viapublica/movilidad/bici/detalle_Bizi?oid=177", "title": "149-Felisa Galé: Orensanz", "estado": "IN_SERVICE", "estadoEstacion": "http://vocab.linkeddata.es/datosabiertos/kos/transporte/bicicleta-publica/tipo-estado-estacion/no-operativa", "address": "149-Felisa Galé: Orensanz", "tipoEquipamiento": "http://vocab.linkeddata.es/datosabiertos/kos/urbanismo-infraestructuras/equipamiento/tipo-equipamiento/estacion-de-bicicletas", "bicisDisponibles": 12, "anclajesDisponibles": 12, "lastUpdated": "2026-02-25T17:08:05Z", "description": "<ul><li>Estado: Operativa</li><li>Bicis disponibles: 12</li><li>Anclajes disponibles: 12</li></ul><p>Actualizado: 17:08</p>", "descripcion": "Datos de la estación bizi 149-Felisa Galé: Orensanz", "icon": "//www.zaragoza.es/contenidos/iconos/bizi/conbicis.png", "capacity": 24, "ratio_ocupacion": 0.5 }, "geometry": { "type": "Point", "coordinates": [ -0.859061099350374, 41.660496450746038 ] } },
{ "type": "Feature", "properties": { "id": "176", "about": "http://www.zaragoza.es/ciudad/viapublica/movilidad/bici/detalle_Bizi?oid=176", "title": "148-Felisa Galé: Oto", "estado": "IN_SERVICE", "estadoEstacion": "http://vocab.linkeddata.es/datosabiertos/kos/transporte/bicicleta-publica/tipo-estado-estacion/no-operativa", "address": "148-Felisa Galé: Oto", "tipoEquipamiento": "http://vocab.linkeddata.es/datosabiertos/kos/urbanismo-infraestructuras/equipamiento/tipo-equipamiento/estacion-de-bicicletas", "bicisDisponibles": 12, "anclajesDisponibles": 7, "lastUpdated": "2026-02-25T17:08:05Z", "description": "<ul><li>Estado: Operativa</li><li>Bicis disponibles: 12</li><li>Anclajes disponibles: 7</li></ul><p>Actualizado: 17:08</p>", "descripcion": "Datos de la estación bizi 148-Felisa Galé: Oto", "icon": "//www.zaragoza.es/contenidos/iconos/bizi/conbicis.png", "capacity": 19, "ratio_ocupacion": 0.63157894736842102 }, "geometry": { "type": "Point", "coordinates": [ -0.860845040914779, 41.662849476016369 ] } },
{ "type": "Feature", "properties": { "id": "175", "about": "http://www.zaragoza.es/ciudad/viapublica/movilidad/bici/detalle_Bizi?oid=175", "title": "138-Rda. Hispanidad: Cataluña", "estado": "IN_SERVICE", "estadoEstacion": "http://vocab.linkeddata.es/datosabiertos/kos/transporte/bicicleta-publica/tipo-estado-estacion/no-operativa", "address": "138-Rda. Hispanidad: Cataluña", "tipoEquipamiento": "http://vocab.linkeddata.es/datosabiertos/kos/urbanismo-infraestructuras/equipamiento/tipo-equipamiento/estacion-de-bicicletas", "bicisDisponibles": 4, "anclajesDisponibles": 15, "lastUpdated": "2026-02-25T17:08:05Z", "description": "<ul><li>Estado: Operativa</li><li>Bicis disponibles: 4</li><li>Anclajes disponibles: 15</li></ul><p>Actualizado: 17:08</p>", "descripcion": "Datos de la estación bizi 138-Rda. Hispanidad: Cataluña", "icon": "//www.zaragoza.es/contenidos/iconos/bizi/conbicis.png", "capacity": 19, "ratio_ocupacion": 0.21052631578947367 }, "geometry": { "type": "Point", "coordinates": [ -0.857896002855352, 41.664243422155344 ] } },
{ "type": "Feature", "properties": { "id": "174", "about": "http://www.zaragoza.es/ciudad/viapublica/movilidad/bici/detalle_Bizi?oid=174", "title": "271-Cosuenda: Longares", "estado": "IN_SERVICE", "estadoEstacion": "http://vocab.linkeddata.es/datosabiertos/kos/transporte/bicicleta-publica/tipo-estado-estacion/no-operativa", "address": "271-Cosuenda: Longares", "tipoEquipamiento": "http://vocab.linkeddata.es/datosabiertos/kos/urbanismo-infraestructuras/equipamiento/tipo-equipamiento/estacion-de-bicicletas", "bicisDisponibles": 10, "anclajesDisponibles": 6, "lastUpdated": "2026-02-25T17:08:05Z", "description": "<ul><li>Estado: Operativa</li><li>Bicis disponibles: 10</li><li>Anclajes disponibles: 6</li></ul><p>Actualizado: 17:08</p>", "descripcion": "Datos de la estación bizi 271-Cosuenda: Longares", "icon": "//www.zaragoza.es/contenidos/iconos/bizi/conbicis.png", "capacity": 16, "ratio_ocupacion": 0.625 }, "geometry": { "type": "Point", "coordinates": [ -0.863278212055436, 41.656222532936269 ] } },
{ "type": "Feature", "properties": { "id": "173", "about": "http://www.zaragoza.es/ciudad/viapublica/movilidad/bici/detalle_Bizi?oid=173", "title": "152-La Amistad: F. Luis Urbano", "estado": "IN_SERVICE", "estadoEstacion": "http://vocab.linkeddata.es/datosabiertos/kos/transporte/bicicleta-publica/tipo-estado-estacion/no-operativa", "address": "152-La Amistad: F. Luis Urbano", "tipoEquipamiento": "http://vocab.linkeddata.es/datosabiertos/kos/urbanismo-infraestructuras/equipamiento/tipo-equipamiento/estacion-de-bicicletas", "bicisDisponibles": 4, "anclajesDisponibles": 15, "lastUpdated": "2026-02-25T17:08:05Z", "description": "<ul><li>Estado: Operativa</li><li>Bicis disponibles: 4</li><li>Anclajes disponibles: 15</li></ul><p>Actualizado: 17:08</p>", "descripcion": "Datos de la estación bizi 152-La Amistad: F. Luis Urbano", "icon": "//www.zaragoza.es/contenidos/iconos/bizi/conbicis.png", "capacity": 19, "ratio_ocupacion": 0.21052631578947367 }, "geometry": { "type": "Point", "coordinates": [ -0.858683444147446, 41.646948475126969 ] } },
{ "type": "Feature", "properties": { "id": "172", "about": "http://www.zaragoza.es/ciudad/viapublica/movilidad/bici/detalle_Bizi?oid=172", "title": "151-Minguijón: Rebolledo", "estado": "IN_SERVICE", "estadoEstacion": "http://vocab.linkeddata.es/datosabiertos/kos/transporte/bicicleta-publica/tipo-estado-estacion/no-operativa", "address": "151-Minguijón: Rebolledo", "tipoEquipamiento": "http://vocab.linkeddata.es/datosabiertos/kos/urbanismo-infraestructuras/equipamiento/tipo-equipamiento/estacion-de-bicicletas", "bicisDisponibles": 0, "anclajesDisponibles": 19, "lastUpdated": "2026-02-25T17:08:05Z", "description": "<ul><li>Estado: Operativa</li><li>Bicis disponibles: 0</li><li>Anclajes disponibles: 19</li></ul><p>Actualizado: 17:08</p>", "descripcion": "Datos de la estación bizi 151-Minguijón: Rebolledo", "icon": "//www.zaragoza.es/contenidos/iconos/bizi/sinbicis.png", "capacity": 19, "ratio_ocupacion": 0.0 }, "geometry": { "type": "Point", "coordinates": [ -0.861892469323778, 41.646080532184165 ] } },
{ "type": "Feature", "properties": { "id": "171", "about": "http://www.zaragoza.es/ciudad/viapublica/movilidad/bici/detalle_Bizi?oid=171", "title": "35-Comuneros: Minguijón", "estado": "IN_SERVICE", "estadoEstacion": "http://vocab.linkeddata.es/datosabiertos/kos/transporte/bicicleta-publica/tipo-estado-estacion/no-operativa", "address": "35-Comuneros: Minguijón", "tipoEquipamiento": "http://vocab.linkeddata.es/datosabiertos/kos/urbanismo-infraestructuras/equipamiento/tipo-equipamiento/estacion-de-bicicletas", "bicisDisponibles": 2, "anclajesDisponibles": 17, "lastUpdated": "2026-02-25T17:08:05Z", "description": "<ul><li>Estado: Operativa</li><li>Bicis disponibles: 2</li><li>Anclajes disponibles: 17</li></ul><p>Actualizado: 17:08</p>", "descripcion": "Datos de la estación bizi 35-Comuneros: Minguijón", "icon": "//www.zaragoza.es/contenidos/iconos/bizi/conbicis.png", "capacity": 19, "ratio_ocupacion": 0.10526315789473684 }, "geometry": { "type": "Point", "coordinates": [ -0.86084535062865, 41.650699503720823 ] } },
{ "type": "Feature", "properties": { "id": "170", "about": "http://www.zaragoza.es/ciudad/viapublica/movilidad/bici/detalle_Bizi?oid=170", "title": "265- Batalla Pavía: Caspe", "estado": "IN_SERVICE", "estadoEstacion": "http://vocab.linkeddata.es/datosabiertos/kos/transporte/bicicleta-publica/tipo-estado-estacion/no-operativa", "address": "265- Batalla Pavía: Caspe", "tipoEquipamiento": "http://vocab.linkeddata.es/datosabiertos/kos/urbanismo-infraestructuras/equipamiento/tipo-equipamiento/estacion-de-bicicletas", "bicisDisponibles": 4, "anclajesDisponibles": 15, "lastUpdated": "2026-02-25T17:08:05Z", "description": "<ul><li>Estado: Operativa</li><li>Bicis disponibles: 4</li><li>Anclajes disponibles: 15</li></ul><p>Actualizado: 17:08</p>", "descripcion": "Datos de la estación bizi 265- Batalla Pavía: Caspe", "icon": "//www.zaragoza.es/contenidos/iconos/bizi/conbicis.png", "capacity": 19, "ratio_ocupacion": 0.21052631578947367 }, "geometry": { "type": "Point", "coordinates": [ -0.866366487900476, 41.645520610256462 ] } },
{ "type": "Feature", "properties": { "id": "169", "about": "http://www.zaragoza.es/ciudad/viapublica/movilidad/bici/detalle_Bizi?oid=169", "title": "156-F. Luis Urbano: Caspe", "estado": "IN_SERVICE", "estadoEstacion": "http://vocab.linkeddata.es/datosabiertos/kos/transporte/bicicleta-publica/tipo-estado-estacion/no-operativa", "address": "156-F. Luis Urbano: Caspe", "tipoEquipamiento": "http://vocab.linkeddata.es/datosabiertos/kos/urbanismo-infraestructuras/equipamiento/tipo-equipamiento/estacion-de-bicicletas", "bicisDisponibles": 0, "anclajesDisponibles": 18, "lastUpdated": "2026-02-25T17:08:05Z", "description": "<ul><li>Estado: Operativa</li><li>Bicis disponibles: 0</li><li>Anclajes disponibles: 18</li></ul><p>Actualizado: 17:08</p>", "descripcion": "Datos de la estación bizi 156-F. Luis Urbano: Caspe", "icon": "//www.zaragoza.es/contenidos/iconos/bizi/sinbicis.png", "capacity": 18, "ratio_ocupacion": 0.0 }, "geometry": { "type": "Point", "coordinates": [ -0.859190491388142, 41.64511248799829 ] } },
{ "type": "Feature", "properties": { "id": "168", "about": "http://www.zaragoza.es/ciudad/viapublica/movilidad/bici/detalle_Bizi?oid=168", "title": "154-Torre Ramona: Dr. Iranzo", "estado": "IN_SERVICE", "estadoEstacion": "http://vocab.linkeddata.es/datosabiertos/kos/transporte/bicicleta-publica/tipo-estado-estacion/no-operativa", "address": "154-Torre Ramona: Dr. Iranzo", "tipoEquipamiento": "http://vocab.linkeddata.es/datosabiertos/kos/urbanismo-infraestructuras/equipamiento/tipo-equipamiento/estacion-de-bicicletas", "bicisDisponibles": 5, "anclajesDisponibles": 14, "lastUpdated": "2026-02-25T17:08:05Z", "description": "<ul><li>Estado: Operativa</li><li>Bicis disponibles: 5</li><li>Anclajes disponibles: 14</li></ul><p>Actualizado: 17:08</p>", "descripcion": "Datos de la estación bizi 154-Torre Ramona: Dr. Iranzo", "icon": "//www.zaragoza.es/contenidos/iconos/bizi/conbicis.png", "capacity": 19, "ratio_ocupacion": 0.26315789473684209 }, "geometry": { "type": "Point", "coordinates": [ -0.864266524579486, 41.644002577643072 ] } },
{ "type": "Feature", "properties": { "id": "167", "about": "http://www.zaragoza.es/ciudad/viapublica/movilidad/bici/detalle_Bizi?oid=167", "title": "153- Torre Ramona: Higuera", "estado": "IN_SERVICE", "estadoEstacion": "http://vocab.linkeddata.es/datosabiertos/kos/transporte/bicicleta-publica/tipo-estado-estacion/no-operativa", "address": "153- Torre Ramona: Higuera", "tipoEquipamiento": "http://vocab.linkeddata.es/datosabiertos/kos/urbanismo-infraestructuras/equipamiento/tipo-equipamiento/estacion-de-bicicletas", "bicisDisponibles": 3, "anclajesDisponibles": 16, "lastUpdated": "2026-02-25T17:08:05Z", "description": "<ul><li>Estado: Operativa</li><li>Bicis disponibles: 3</li><li>Anclajes disponibles: 16</li></ul><p>Actualizado: 17:08</p>", "descripcion": "Datos de la estación bizi 153- Torre Ramona: Higuera", "icon": "//www.zaragoza.es/contenidos/iconos/bizi/conbicis.png", "capacity": 19, "ratio_ocupacion": 0.15789473684210525 }, "geometry": { "type": "Point", "coordinates": [ -0.860680549373775, 41.642892518605855 ] } },
{ "type": "Feature", "properties": { "id": "166", "about": "http://www.zaragoza.es/ciudad/viapublica/movilidad/bici/detalle_Bizi?oid=166", "title": "266-Pza. Utrillas", "estado": "IN_SERVICE", "estadoEstacion": "http://vocab.linkeddata.es/datosabiertos/kos/transporte/bicicleta-publica/tipo-estado-estacion/no-operativa", "address": "266-Pza. Utrillas", "tipoEquipamiento": "http://vocab.linkeddata.es/datosabiertos/kos/urbanismo-infraestructuras/equipamiento/tipo-equipamiento/estacion-de-bicicletas", "bicisDisponibles": 8, "anclajesDisponibles": 11, "lastUpdated": "2026-02-25T17:08:05Z", "description": "<ul><li>Estado: Operativa</li><li>Bicis disponibles: 8</li><li>Anclajes disponibles: 11</li></ul><p>Actualizado: 17:08</p>", "descripcion": "Datos de la estación bizi 266-Pza. Utrillas", "icon": "//www.zaragoza.es/contenidos/iconos/bizi/conbicis.png", "capacity": 19, "ratio_ocupacion": 0.42105263157894735 }, "geometry": { "type": "Point", "coordinates": [ -0.866803620679205, 41.640331629483462 ] } },
{ "type": "Feature", "properties": { "id": "165", "about": "http://www.zaragoza.es/ciudad/viapublica/movilidad/bici/detalle_Bizi?oid=165", "title": "162-Veterinaria", "estado": "IN_SERVICE", "estadoEstacion": "http://vocab.linkeddata.es/datosabiertos/kos/transporte/bicicleta-publica/tipo-estado-estacion/no-operativa", "address": "162-Veterinaria", "tipoEquipamiento": "http://vocab.linkeddata.es/datosabiertos/kos/urbanismo-infraestructuras/equipamiento/tipo-equipamiento/estacion-de-bicicletas", "bicisDisponibles": 3, "anclajesDisponibles": 18, "lastUpdated": "2026-02-25T17:08:05Z", "description": "<ul><li>Estado: Operativa</li><li>Bicis disponibles: 3</li><li>Anclajes disponibles: 18</li></ul><p>Actualizado: 17:08</p>", "descripcion": "Datos de la estación bizi 162-Veterinaria", "icon": "//www.zaragoza.es/contenidos/iconos/bizi/conbicis.png", "capacity": 21, "ratio_ocupacion": 0.14285714285714285 }, "geometry": { "type": "Point", "coordinates": [ -0.861144773469324, 41.634111546415362 ] } },
{ "type": "Feature", "properties": { "id": "164", "about": "http://www.zaragoza.es/ciudad/viapublica/movilidad/bici/detalle_Bizi?oid=164", "title": "157-Pza. F. Aguayo", "estado": "IN_SERVICE", "estadoEstacion": "http://vocab.linkeddata.es/datosabiertos/kos/transporte/bicicleta-publica/tipo-estado-estacion/no-operativa", "address": "157-Pza. F. Aguayo", "tipoEquipamiento": "http://vocab.linkeddata.es/datosabiertos/kos/urbanismo-infraestructuras/equipamiento/tipo-equipamiento/estacion-de-bicicletas", "bicisDisponibles": 7, "anclajesDisponibles": 12, "lastUpdated": "2026-02-25T17:08:05Z", "description": "<ul><li>Estado: Operativa</li><li>Bicis disponibles: 7</li><li>Anclajes disponibles: 12</li></ul><p>Actualizado: 17:08</p>", "descripcion": "Datos de la estación bizi 157-Pza. F. Aguayo", "icon": "//www.zaragoza.es/contenidos/iconos/bizi/conbicis.png", "capacity": 19, "ratio_ocupacion": 0.36842105263157893 }, "geometry": { "type": "Point", "coordinates": [ -0.869031596892124, 41.641350665423317 ] } },
{ "type": "Feature", "properties": { "id": "163", "about": "http://www.zaragoza.es/ciudad/viapublica/movilidad/bici/detalle_Bizi?oid=163", "title": "155-Yolanda Bar: M.ª Aragón", "estado": "IN_SERVICE", "estadoEstacion": "http://vocab.linkeddata.es/datosabiertos/kos/transporte/bicicleta-publica/tipo-estado-estacion/no-operativa", "address": "155-Yolanda Bar: M.ª Aragón", "tipoEquipamiento": "http://vocab.linkeddata.es/datosabiertos/kos/urbanismo-infraestructuras/equipamiento/tipo-equipamiento/estacion-de-bicicletas", "bicisDisponibles": 12, "anclajesDisponibles": 7, "lastUpdated": "2026-02-25T17:08:05Z", "description": "<ul><li>Estado: Operativa</li><li>Bicis disponibles: 12</li><li>Anclajes disponibles: 7</li></ul><p>Actualizado: 17:08</p>", "descripcion": "Datos de la estación bizi 155-Yolanda Bar: M.ª Aragón", "icon": "//www.zaragoza.es/contenidos/iconos/bizi/conbicis.png", "capacity": 19, "ratio_ocupacion": 0.63157894736842102 }, "geometry": { "type": "Point", "coordinates": [ -0.863455605019972, 41.640815570931807 ] } },
{ "type": "Feature", "properties": { "id": "162", "about": "http://www.zaragoza.es/ciudad/viapublica/movilidad/bici/detalle_Bizi?oid=162", "title": "267-Príncipe Felipe", "estado": "IN_SERVICE", "estadoEstacion": "http://vocab.linkeddata.es/datosabiertos/kos/transporte/bicicleta-publica/tipo-estado-estacion/no-operativa", "address": "267-Príncipe Felipe", "tipoEquipamiento": "http://vocab.linkeddata.es/datosabiertos/kos/urbanismo-infraestructuras/equipamiento/tipo-equipamiento/estacion-de-bicicletas", "bicisDisponibles": 17, "anclajesDisponibles": 2, "lastUpdated": "2026-02-25T17:08:05Z", "description": "<ul><li>Estado: Operativa</li><li>Bicis disponibles: 17</li><li>Anclajes disponibles: 2</li></ul><p>Actualizado: 17:08</p>", "descripcion": "Datos de la estación bizi 267-Príncipe Felipe", "icon": "//www.zaragoza.es/contenidos/iconos/bizi/conbicis.png", "capacity": 19, "ratio_ocupacion": 0.89473684210526316 }, "geometry": { "type": "Point", "coordinates": [ -0.867222714567912, 41.63666664493681 ] } },
{ "type": "Feature", "properties": { "id": "161", "about": "http://www.zaragoza.es/ciudad/viapublica/movilidad/bici/detalle_Bizi?oid=161", "title": "165-Pza. Mayor", "estado": "IN_SERVICE", "estadoEstacion": "http://vocab.linkeddata.es/datosabiertos/kos/transporte/bicicleta-publica/tipo-estado-estacion/no-operativa", "address": "165-Pza. Mayor", "tipoEquipamiento": "http://vocab.linkeddata.es/datosabiertos/kos/urbanismo-infraestructuras/equipamiento/tipo-equipamiento/estacion-de-bicicletas", "bicisDisponibles": 18, "anclajesDisponibles": 1, "lastUpdated": "2026-02-25T17:08:05Z", "description": "<ul><li>Estado: Operativa</li><li>Bicis disponibles: 18</li><li>Anclajes disponibles: 1</li></ul><p>Actualizado: 17:08</p>", "descripcion": "Datos de la estación bizi 165-Pza. Mayor", "icon": "//www.zaragoza.es/contenidos/iconos/bizi/conbicis.png", "capacity": 19, "ratio_ocupacion": 0.94736842105263153 }, "geometry": { "type": "Point", "coordinates": [ -0.87411968995902, 41.637904760505684 ] } },
{ "type": "Feature", "properties": { "id": "160", "about": "http://www.zaragoza.es/ciudad/viapublica/movilidad/bici/detalle_Bizi?oid=160", "title": "163-La Granja: Est. Miraflores", "estado": "IN_SERVICE", "estadoEstacion": "http://vocab.linkeddata.es/datosabiertos/kos/transporte/bicicleta-publica/tipo-estado-estacion/no-operativa", "address": "163-La Granja: Est. Miraflores", "tipoEquipamiento": "http://vocab.linkeddata.es/datosabiertos/kos/urbanismo-infraestructuras/equipamiento/tipo-equipamiento/estacion-de-bicicletas", "bicisDisponibles": 12, "anclajesDisponibles": 7, "lastUpdated": "2026-02-25T17:08:05Z", "description": "<ul><li>Estado: Operativa</li><li>Bicis disponibles: 12</li><li>Anclajes disponibles: 7</li></ul><p>Actualizado: 17:08</p>", "descripcion": "Datos de la estación bizi 163-La Granja: Est. Miraflores", "icon": "//www.zaragoza.es/contenidos/iconos/bizi/conbicis.png", "capacity": 19, "ratio_ocupacion": 0.63157894736842102 }, "geometry": { "type": "Point", "coordinates": [ -0.869529779520962, 41.634212690041757 ] } },
{ "type": "Feature", "properties": { "id": "159", "about": "http://www.zaragoza.es/ciudad/viapublica/movilidad/bici/detalle_Bizi?oid=159", "title": "159-Parq. La Granja: Galiay", "estado": "IN_SERVICE", "estadoEstacion": "http://vocab.linkeddata.es/datosabiertos/kos/transporte/bicicleta-publica/tipo-estado-estacion/no-operativa", "address": "159-Parq. La Granja: Galiay", "tipoEquipamiento": "http://vocab.linkeddata.es/datosabiertos/kos/urbanismo-infraestructuras/equipamiento/tipo-equipamiento/estacion-de-bicicletas", "bicisDisponibles": 15, "anclajesDisponibles": 0, "lastUpdated": "2026-02-25T17:08:05Z", "description": "<ul><li>Estado: Operativa</li><li>Bicis disponibles: 15</li><li>Anclajes disponibles: 0</li></ul><p>Actualizado: 17:08</p>", "descripcion": "Datos de la estación bizi 159-Parq. La Granja: Galiay", "icon": "//www.zaragoza.es/contenidos/iconos/bizi/conbicis.png", "capacity": 15, "ratio_ocupacion": 1.0 }, "geometry": { "type": "Point", "coordinates": [ -0.870619718070064, 41.636664703231283 ] } },
{ "type": "Feature", "properties": { "id": "158", "about": "http://www.zaragoza.es/ciudad/viapublica/movilidad/bici/detalle_Bizi?oid=158", "title": "172-Ruiseñores: Cejador Frauca", "estado": "IN_SERVICE", "estadoEstacion": "http://vocab.linkeddata.es/datosabiertos/kos/transporte/bicicleta-publica/tipo-estado-estacion/no-operativa", "address": "172-Ruiseñores: Cejador Frauca", "tipoEquipamiento": "http://vocab.linkeddata.es/datosabiertos/kos/urbanismo-infraestructuras/equipamiento/tipo-equipamiento/estacion-de-bicicletas", "bicisDisponibles": 4, "anclajesDisponibles": 16, "lastUpdated": "2026-02-25T17:08:05Z", "description": "<ul><li>Estado: Operativa</li><li>Bicis disponibles: 4</li><li>Anclajes disponibles: 16</li></ul><p>Actualizado: 17:08</p>", "descripcion": "Datos de la estación bizi 172-Ruiseñores: Cejador Frauca", "icon": "//www.zaragoza.es/contenidos/iconos/bizi/conbicis.png", "capacity": 20, "ratio_ocupacion": 0.2 }, "geometry": { "type": "Point", "coordinates": [ -0.89044276484877, 41.635630045741003 ] } },
{ "type": "Feature", "properties": { "id": "157", "about": "http://www.zaragoza.es/ciudad/viapublica/movilidad/bici/detalle_Bizi?oid=157", "title": "171-Parq. Pignatelli", "estado": "IN_SERVICE", "estadoEstacion": "http://vocab.linkeddata.es/datosabiertos/kos/transporte/bicicleta-publica/tipo-estado-estacion/no-operativa", "address": "171-Parq. Pignatelli", "tipoEquipamiento": "http://vocab.linkeddata.es/datosabiertos/kos/urbanismo-infraestructuras/equipamiento/tipo-equipamiento/estacion-de-bicicletas", "bicisDisponibles": 2, "anclajesDisponibles": 16, "lastUpdated": "2026-02-25T17:08:05Z", "description": "<ul><li>Estado: Operativa</li><li>Bicis disponibles: 2</li><li>Anclajes disponibles: 16</li></ul><p>Actualizado: 17:08</p>", "descripcion": "Datos de la estación bizi 171-Parq. Pignatelli", "icon": "//www.zaragoza.es/contenidos/iconos/bizi/conbicis.png", "capacity": 18, "ratio_ocupacion": 0.1111111111111111 }, "geometry": { "type": "Point", "coordinates": [ -0.885592752961073, 41.635898961900722 ] } },
{ "type": "Feature", "properties": { "id": "156", "about": "http://www.zaragoza.es/ciudad/viapublica/movilidad/bici/detalle_Bizi?oid=156", "title": "169-Vicente Basanta: Melilla", "estado": "IN_SERVICE", "estadoEstacion": "http://vocab.linkeddata.es/datosabiertos/kos/transporte/bicicleta-publica/tipo-estado-estacion/no-operativa", "address": "169-Vicente Basanta: Melilla", "tipoEquipamiento": "http://vocab.linkeddata.es/datosabiertos/kos/urbanismo-infraestructuras/equipamiento/tipo-equipamiento/estacion-de-bicicletas", "bicisDisponibles": 6, "anclajesDisponibles": 13, "lastUpdated": "2026-02-25T17:08:05Z", "description": "<ul><li>Estado: Operativa</li><li>Bicis disponibles: 6</li><li>Anclajes disponibles: 13</li></ul><p>Actualizado: 17:08</p>", "descripcion": "Datos de la estación bizi 169-Vicente Basanta: Melilla", "icon": "//www.zaragoza.es/contenidos/iconos/bizi/conbicis.png", "capacity": 19, "ratio_ocupacion": 0.31578947368421051 }, "geometry": { "type": "Point", "coordinates": [ -0.87605183727085, 41.632215806419403 ] } },
{ "type": "Feature", "properties": { "id": "155", "about": "http://www.zaragoza.es/ciudad/viapublica/movilidad/bici/detalle_Bizi?oid=155", "title": "120-Asín y Palacios: El Grande", "estado": "IN_SERVICE", "estadoEstacion": "http://vocab.linkeddata.es/datosabiertos/kos/transporte/bicicleta-publica/tipo-estado-estacion/no-operativa", "address": "120-Asín y Palacios: El Grande", "tipoEquipamiento": "http://vocab.linkeddata.es/datosabiertos/kos/urbanismo-infraestructuras/equipamiento/tipo-equipamiento/estacion-de-bicicletas", "bicisDisponibles": 12, "anclajesDisponibles": 7, "lastUpdated": "2026-02-25T17:08:05Z", "description": "<ul><li>Estado: Operativa</li><li>Bicis disponibles: 12</li><li>Anclajes disponibles: 7</li></ul><p>Actualizado: 17:08</p>", "descripcion": "Datos de la estación bizi 120-Asín y Palacios: El Grande", "icon": "//www.zaragoza.es/contenidos/iconos/bizi/conbicis.png", "capacity": 19, "ratio_ocupacion": 0.63157894736842102 }, "geometry": { "type": "Point", "coordinates": [ -0.904902744121831, 41.637018290869747 ] } },
{ "type": "Feature", "properties": { "id": "154", "about": "http://www.zaragoza.es/ciudad/viapublica/movilidad/bici/detalle_Bizi?oid=154", "title": "255-Avda. Madrid: Enlaces", "estado": "IN_SERVICE", "estadoEstacion": "http://vocab.linkeddata.es/datosabiertos/kos/transporte/bicicleta-publica/tipo-estado-estacion/no-operativa", "address": "255-Avda. Madrid: Enlaces", "tipoEquipamiento": "http://vocab.linkeddata.es/datosabiertos/kos/urbanismo-infraestructuras/equipamiento/tipo-equipamiento/estacion-de-bicicletas", "bicisDisponibles": 1, "anclajesDisponibles": 17, "lastUpdated": "2026-02-25T17:08:05Z", "description": "<ul><li>Estado: Operativa</li><li>Bicis disponibles: 1</li><li>Anclajes disponibles: 17</li></ul><p>Actualizado: 17:08</p>", "descripcion": "Datos de la estación bizi 255-Avda. Madrid: Enlaces", "icon": "//www.zaragoza.es/contenidos/iconos/bizi/conbicis.png", "capacity": 18, "ratio_ocupacion": 0.055555555555555552 }, "geometry": { "type": "Point", "coordinates": [ -0.917390414536108, 41.650407455829438 ] } },
{ "type": "Feature", "properties": { "id": "153", "about": "http://www.zaragoza.es/ciudad/viapublica/movilidad/bici/detalle_Bizi?oid=153", "title": "239-Parq. Sedetania: Brea", "estado": "IN_SERVICE", "estadoEstacion": "http://vocab.linkeddata.es/datosabiertos/kos/transporte/bicicleta-publica/tipo-estado-estacion/no-operativa", "address": "239-Parq. Sedetania: Brea", "tipoEquipamiento": "http://vocab.linkeddata.es/datosabiertos/kos/urbanismo-infraestructuras/equipamiento/tipo-equipamiento/estacion-de-bicicletas", "bicisDisponibles": 0, "anclajesDisponibles": 19, "lastUpdated": "2026-02-25T17:08:05Z", "description": "<ul><li>Estado: Operativa</li><li>Bicis disponibles: 0</li><li>Anclajes disponibles: 19</li></ul><p>Actualizado: 17:08</p>", "descripcion": "Datos de la estación bizi 239-Parq. Sedetania: Brea", "icon": "//www.zaragoza.es/contenidos/iconos/bizi/sinbicis.png", "capacity": 19, "ratio_ocupacion": 0.0 }, "geometry": { "type": "Point", "coordinates": [ -0.918968377440713, 41.651922476745511 ] } },
{ "type": "Feature", "properties": { "id": "152", "about": "http://www.zaragoza.es/ciudad/viapublica/movilidad/bici/detalle_Bizi?oid=152", "title": "136-Facultad Medicina", "estado": "IN_SERVICE", "estadoEstacion": "http://vocab.linkeddata.es/datosabiertos/kos/transporte/bicicleta-publica/tipo-estado-estacion/no-operativa", "address": "136-Facultad Medicina", "tipoEquipamiento": "http://vocab.linkeddata.es/datosabiertos/kos/urbanismo-infraestructuras/equipamiento/tipo-equipamiento/estacion-de-bicicletas", "bicisDisponibles": 10, "anclajesDisponibles": 9, "lastUpdated": "2026-02-25T17:08:05Z", "description": "<ul><li>Estado: Operativa</li><li>Bicis disponibles: 10</li><li>Anclajes disponibles: 9</li></ul><p>Actualizado: 17:08</p>", "descripcion": "Datos de la estación bizi 136-Facultad Medicina", "icon": "//www.zaragoza.es/contenidos/iconos/bizi/conbicis.png", "capacity": 19, "ratio_ocupacion": 0.52631578947368418 }, "geometry": { "type": "Point", "coordinates": [ -0.903555626167981, 41.6415512576758 ] } },
{ "type": "Feature", "properties": { "id": "151", "about": "http://www.zaragoza.es/ciudad/viapublica/movilidad/bici/detalle_Bizi?oid=151", "title": "117-J. Carlos I: Villahermosa", "estado": "IN_SERVICE", "estadoEstacion": "http://vocab.linkeddata.es/datosabiertos/kos/transporte/bicicleta-publica/tipo-estado-estacion/no-operativa", "address": "117-J. Carlos I: Villahermosa", "tipoEquipamiento": "http://vocab.linkeddata.es/datosabiertos/kos/urbanismo-infraestructuras/equipamiento/tipo-equipamiento/estacion-de-bicicletas", "bicisDisponibles": 2, "anclajesDisponibles": 17, "lastUpdated": "2026-02-25T17:08:05Z", "description": "<ul><li>Estado: Operativa</li><li>Bicis disponibles: 2</li><li>Anclajes disponibles: 17</li></ul><p>Actualizado: 17:08</p>", "descripcion": "Datos de la estación bizi 117-J. Carlos I: Villahermosa", "icon": "//www.zaragoza.es/contenidos/iconos/bizi/conbicis.png", "capacity": 19, "ratio_ocupacion": 0.10526315789473684 }, "geometry": { "type": "Point", "coordinates": [ -0.911285547683146, 41.644944374342344 ] } },
{ "type": "Feature", "properties": { "id": "150", "about": "http://www.zaragoza.es/ciudad/viapublica/movilidad/bici/detalle_Bizi?oid=150", "title": "276-Acuario Zaragoza", "estado": "IN_SERVICE", "estadoEstacion": "http://vocab.linkeddata.es/datosabiertos/kos/transporte/bicicleta-publica/tipo-estado-estacion/no-operativa", "address": "276-Acuario Zaragoza", "tipoEquipamiento": "http://vocab.linkeddata.es/datosabiertos/kos/urbanismo-infraestructuras/equipamiento/tipo-equipamiento/estacion-de-bicicletas", "bicisDisponibles": 1, "anclajesDisponibles": 18, "lastUpdated": "2026-02-25T17:08:05Z", "description": "<ul><li>Estado: Operativa</li><li>Bicis disponibles: 1</li><li>Anclajes disponibles: 18</li></ul><p>Actualizado: 17:08</p>", "descripcion": "Datos de la estación bizi 276-Acuario Zaragoza", "icon": "//www.zaragoza.es/contenidos/iconos/bizi/conbicis.png", "capacity": 19, "ratio_ocupacion": 0.052631578947368418 }, "geometry": { "type": "Point", "coordinates": [ -0.89952691755641, 41.668783127265591 ] } },
{ "type": "Feature", "properties": { "id": "149", "about": "http://www.zaragoza.es/ciudad/viapublica/movilidad/bici/detalle_Bizi?oid=149", "title": "238-Tomás y Valiente", "estado": "IN_SERVICE", "estadoEstacion": "http://vocab.linkeddata.es/datosabiertos/kos/transporte/bicicleta-publica/tipo-estado-estacion/no-operativa", "address": "238-Tomás y Valiente", "tipoEquipamiento": "http://vocab.linkeddata.es/datosabiertos/kos/urbanismo-infraestructuras/equipamiento/tipo-equipamiento/estacion-de-bicicletas", "bicisDisponibles": 0, "anclajesDisponibles": 17, "lastUpdated": "2026-02-25T17:08:05Z", "description": "<ul><li>Estado: Operativa</li><li>Bicis disponibles: 0</li><li>Anclajes disponibles: 17</li></ul><p>Actualizado: 17:08</p>", "descripcion": "Datos de la estación bizi 238-Tomás y Valiente", "icon": "//www.zaragoza.es/contenidos/iconos/bizi/sinbicis.png", "capacity": 17, "ratio_ocupacion": 0.0 }, "geometry": { "type": "Point", "coordinates": [ -0.916868301831749, 41.654755438444411 ] } },
{ "type": "Feature", "properties": { "id": "148", "about": "http://www.zaragoza.es/ciudad/viapublica/movilidad/bici/detalle_Bizi?oid=148", "title": "236-Navarra: H. Rguez. Miñón", "estado": "IN_SERVICE", "estadoEstacion": "http://vocab.linkeddata.es/datosabiertos/kos/transporte/bicicleta-publica/tipo-estado-estacion/no-operativa", "address": "236-Navarra: H. Rguez. Miñón", "tipoEquipamiento": "http://vocab.linkeddata.es/datosabiertos/kos/urbanismo-infraestructuras/equipamiento/tipo-equipamiento/estacion-de-bicicletas", "bicisDisponibles": 0, "anclajesDisponibles": 19, "lastUpdated": "2026-02-25T17:08:05Z", "description": "<ul><li>Estado: Operativa</li><li>Bicis disponibles: 0</li><li>Anclajes disponibles: 19</li></ul><p>Actualizado: 17:08</p>", "descripcion": "Datos de la estación bizi 236-Navarra: H. Rguez. Miñón", "icon": "//www.zaragoza.es/contenidos/iconos/bizi/sinbicis.png", "capacity": 19, "ratio_ocupacion": 0.0 }, "geometry": { "type": "Point", "coordinates": [ -0.915435216924452, 41.657981409442314 ] } },
{ "type": "Feature", "properties": { "id": "147", "about": "http://www.zaragoza.es/ciudad/viapublica/movilidad/bici/detalle_Bizi?oid=147", "title": "234- Parq. Aljafería: Reino", "estado": "IN_SERVICE", "estadoEstacion": "http://vocab.linkeddata.es/datosabiertos/kos/transporte/bicicleta-publica/tipo-estado-estacion/no-operativa", "address": "234- Parq. Aljafería: Reino", "tipoEquipamiento": "http://vocab.linkeddata.es/datosabiertos/kos/urbanismo-infraestructuras/equipamiento/tipo-equipamiento/estacion-de-bicicletas", "bicisDisponibles": 1, "anclajesDisponibles": 18, "lastUpdated": "2026-02-25T17:08:05Z", "description": "<ul><li>Estado: Operativa</li><li>Bicis disponibles: 1</li><li>Anclajes disponibles: 18</li></ul><p>Actualizado: 17:08</p>", "descripcion": "Datos de la estación bizi 234- Parq. Aljafería: Reino", "icon": "//www.zaragoza.es/contenidos/iconos/bizi/conbicis.png", "capacity": 19, "ratio_ocupacion": 0.052631578947368418 }, "geometry": { "type": "Point", "coordinates": [ -0.898086171258879, 41.659040124620283 ] } },
{ "type": "Feature", "properties": { "id": "146", "about": "http://www.zaragoza.es/ciudad/viapublica/movilidad/bici/detalle_Bizi?oid=146", "title": "137-Pza. La Poesía", "estado": "IN_SERVICE", "estadoEstacion": "http://vocab.linkeddata.es/datosabiertos/kos/transporte/bicicleta-publica/tipo-estado-estacion/no-operativa", "address": "137-Pza. La Poesía", "tipoEquipamiento": "http://vocab.linkeddata.es/datosabiertos/kos/urbanismo-infraestructuras/equipamiento/tipo-equipamiento/estacion-de-bicicletas", "bicisDisponibles": 0, "anclajesDisponibles": 19, "lastUpdated": "2026-02-25T17:08:05Z", "description": "<ul><li>Estado: Operativa</li><li>Bicis disponibles: 0</li><li>Anclajes disponibles: 19</li></ul><p>Actualizado: 17:08</p>", "descripcion": "Datos de la estación bizi 137-Pza. La Poesía", "icon": "//www.zaragoza.es/contenidos/iconos/bizi/sinbicis.png", "capacity": 19, "ratio_ocupacion": 0.0 }, "geometry": { "type": "Point", "coordinates": [ -0.875479371699224, 41.688008669838105 ] } },
{ "type": "Feature", "properties": { "id": "145", "about": "http://www.zaragoza.es/ciudad/viapublica/movilidad/bici/detalle_Bizi?oid=145", "title": "131-Atarés: Siglo XXI", "estado": "IN_SERVICE", "estadoEstacion": "http://vocab.linkeddata.es/datosabiertos/kos/transporte/bicicleta-publica/tipo-estado-estacion/no-operativa", "address": "131-Atarés: Siglo XXI", "tipoEquipamiento": "http://vocab.linkeddata.es/datosabiertos/kos/urbanismo-infraestructuras/equipamiento/tipo-equipamiento/estacion-de-bicicletas", "bicisDisponibles": 10, "anclajesDisponibles": 8, "lastUpdated": "2026-02-25T17:08:05Z", "description": "<ul><li>Estado: Operativa</li><li>Bicis disponibles: 10</li><li>Anclajes disponibles: 8</li></ul><p>Actualizado: 17:08</p>", "descripcion": "Datos de la estación bizi 131-Atarés: Siglo XXI", "icon": "//www.zaragoza.es/contenidos/iconos/bizi/conbicis.png", "capacity": 18, "ratio_ocupacion": 0.55555555555555558 }, "geometry": { "type": "Point", "coordinates": [ -0.898531737767165, 41.675387094869166 ] } },
{ "type": "Feature", "properties": { "id": "144", "about": "http://www.zaragoza.es/ciudad/viapublica/movilidad/bici/detalle_Bizi?oid=144", "title": "82-A. Gral. Militar: Majas Goya", "estado": "IN_SERVICE", "estadoEstacion": "http://vocab.linkeddata.es/datosabiertos/kos/transporte/bicicleta-publica/tipo-estado-estacion/no-operativa", "address": "82-A. Gral. Militar: Majas Goya", "tipoEquipamiento": "http://vocab.linkeddata.es/datosabiertos/kos/urbanismo-infraestructuras/equipamiento/tipo-equipamiento/estacion-de-bicicletas", "bicisDisponibles": 2, "anclajesDisponibles": 13, "lastUpdated": "2026-02-25T17:08:05Z", "description": "<ul><li>Estado: Operativa</li><li>Bicis disponibles: 2</li><li>Anclajes disponibles: 13</li></ul><p>Actualizado: 17:08</p>", "descripcion": "Datos de la estación bizi 82-A. Gral. Militar: Majas Goya", "icon": "//www.zaragoza.es/contenidos/iconos/bizi/conbicis.png", "capacity": 15, "ratio_ocupacion": 0.13333333333333333 }, "geometry": { "type": "Point", "coordinates": [ -0.871228405487447, 41.68661160009993 ] } },
{ "type": "Feature", "properties": { "id": "143", "about": "http://www.zaragoza.es/ciudad/viapublica/movilidad/bici/detalle_Bizi?oid=143", "title": "64-Parq. Poetas: León Felipe", "estado": "IN_SERVICE", "estadoEstacion": "http://vocab.linkeddata.es/datosabiertos/kos/transporte/bicicleta-publica/tipo-estado-estacion/no-operativa", "address": "64-Parq. Poetas: León Felipe", "tipoEquipamiento": "http://vocab.linkeddata.es/datosabiertos/kos/urbanismo-infraestructuras/equipamiento/tipo-equipamiento/estacion-de-bicicletas", "bicisDisponibles": 1, "anclajesDisponibles": 18, "lastUpdated": "2026-02-25T17:08:05Z", "description": "<ul><li>Estado: Operativa</li><li>Bicis disponibles: 1</li><li>Anclajes disponibles: 18</li></ul><p>Actualizado: 17:08</p>", "descripcion": "Datos de la estación bizi 64-Parq. Poetas: León Felipe", "icon": "//www.zaragoza.es/contenidos/iconos/bizi/conbicis.png", "capacity": 19, "ratio_ocupacion": 0.052631578947368418 }, "geometry": { "type": "Point", "coordinates": [ -0.88274694043704, 41.667395842036996 ] } },
{ "type": "Feature", "properties": { "id": "142", "about": "http://www.zaragoza.es/ciudad/viapublica/movilidad/bici/detalle_Bizi?oid=142", "title": "261-Campus. Betancourt", "estado": "IN_SERVICE", "estadoEstacion": "http://vocab.linkeddata.es/datosabiertos/kos/transporte/bicicleta-publica/tipo-estado-estacion/no-operativa", "address": "261-Campus. Betancourt", "tipoEquipamiento": "http://vocab.linkeddata.es/datosabiertos/kos/urbanismo-infraestructuras/equipamiento/tipo-equipamiento/estacion-de-bicicletas", "bicisDisponibles": 9, "anclajesDisponibles": 10, "lastUpdated": "2026-02-25T17:08:05Z", "description": "<ul><li>Estado: Operativa</li><li>Bicis disponibles: 9</li><li>Anclajes disponibles: 10</li></ul><p>Actualizado: 17:08</p>", "descripcion": "Datos de la estación bizi 261-Campus. Betancourt", "icon": "//www.zaragoza.es/contenidos/iconos/bizi/conbicis.png", "capacity": 19, "ratio_ocupacion": 0.47368421052631576 }, "geometry": { "type": "Point", "coordinates": [ -0.883718519865392, 41.682880823100867 ] } },
{ "type": "Feature", "properties": { "id": "141", "about": "http://www.zaragoza.es/ciudad/viapublica/movilidad/bici/detalle_Bizi?oid=141", "title": "135- Segundo Chomón", "estado": "IN_SERVICE", "estadoEstacion": "http://vocab.linkeddata.es/datosabiertos/kos/transporte/bicicleta-publica/tipo-estado-estacion/no-operativa", "address": "135- Segundo Chomón", "tipoEquipamiento": "http://vocab.linkeddata.es/datosabiertos/kos/urbanismo-infraestructuras/equipamiento/tipo-equipamiento/estacion-de-bicicletas", "bicisDisponibles": 12, "anclajesDisponibles": 7, "lastUpdated": "2026-02-25T17:08:05Z", "description": "<ul><li>Estado: Operativa</li><li>Bicis disponibles: 12</li><li>Anclajes disponibles: 7</li></ul><p>Actualizado: 17:08</p>", "descripcion": "Datos de la estación bizi 135- Segundo Chomón", "icon": "//www.zaragoza.es/contenidos/iconos/bizi/conbicis.png", "capacity": 19, "ratio_ocupacion": 0.63157894736842102 }, "geometry": { "type": "Point", "coordinates": [ -0.884085703294905, 41.676154844918386 ] } },
{ "type": "Feature", "properties": { "id": "140", "about": "http://www.zaragoza.es/ciudad/viapublica/movilidad/bici/detalle_Bizi?oid=140", "title": "134-García Abril: D’Amicis", "estado": "IN_SERVICE", "estadoEstacion": "http://vocab.linkeddata.es/datosabiertos/kos/transporte/bicicleta-publica/tipo-estado-estacion/no-operativa", "address": "134-García Abril: D’Amicis", "tipoEquipamiento": "http://vocab.linkeddata.es/datosabiertos/kos/urbanismo-infraestructuras/equipamiento/tipo-equipamiento/estacion-de-bicicletas", "bicisDisponibles": 8, "anclajesDisponibles": 10, "lastUpdated": "2026-02-25T17:08:05Z", "description": "<ul><li>Estado: Operativa</li><li>Bicis disponibles: 8</li><li>Anclajes disponibles: 10</li></ul><p>Actualizado: 17:08</p>", "descripcion": "Datos de la estación bizi 134-García Abril: D’Amicis", "icon": "//www.zaragoza.es/contenidos/iconos/bizi/conbicis.png", "capacity": 18, "ratio_ocupacion": 0.44444444444444442 }, "geometry": { "type": "Point", "coordinates": [ -0.885923648779646, 41.678222871720948 ] } },
{ "type": "Feature", "properties": { "id": "139", "about": "http://www.zaragoza.es/ciudad/viapublica/movilidad/bici/detalle_Bizi?oid=139", "title": "132-Área Autocaravanas", "estado": "IN_SERVICE", "estadoEstacion": "http://vocab.linkeddata.es/datosabiertos/kos/transporte/bicicleta-publica/tipo-estado-estacion/no-operativa", "address": "132-Área Autocaravanas", "tipoEquipamiento": "http://vocab.linkeddata.es/datosabiertos/kos/urbanismo-infraestructuras/equipamiento/tipo-equipamiento/estacion-de-bicicletas", "bicisDisponibles": 17, "anclajesDisponibles": 6, "lastUpdated": "2026-02-25T17:08:05Z", "description": "<ul><li>Estado: Operativa</li><li>Bicis disponibles: 17</li><li>Anclajes disponibles: 6</li></ul><p>Actualizado: 17:08</p>", "descripcion": "Datos de la estación bizi 132-Área Autocaravanas", "icon": "//www.zaragoza.es/contenidos/iconos/bizi/conbicis.png", "capacity": 23, "ratio_ocupacion": 0.73913043478260865 }, "geometry": { "type": "Point", "coordinates": [ -0.890380512497078, 41.683396936292944 ] } },
{ "type": "Feature", "properties": { "id": "138", "about": "http://www.zaragoza.es/ciudad/viapublica/movilidad/bici/detalle_Bizi?oid=138", "title": "268- Gran Vía: Huerva", "estado": "IN_SERVICE", "estadoEstacion": "http://vocab.linkeddata.es/datosabiertos/kos/transporte/bicicleta-publica/tipo-estado-estacion/no-operativa", "address": "268- Gran Vía: Huerva", "tipoEquipamiento": "http://vocab.linkeddata.es/datosabiertos/kos/urbanismo-infraestructuras/equipamiento/tipo-equipamiento/estacion-de-bicicletas", "bicisDisponibles": 8, "anclajesDisponibles": 10, "lastUpdated": "2026-02-25T17:08:05Z", "description": "<ul><li>Estado: Operativa</li><li>Bicis disponibles: 8</li><li>Anclajes disponibles: 10</li></ul><p>Actualizado: 17:08</p>", "descripcion": "Datos de la estación bizi 268- Gran Vía: Huerva", "icon": "//www.zaragoza.es/contenidos/iconos/bizi/conbicis.png", "capacity": 18, "ratio_ocupacion": 0.44444444444444442 }, "geometry": { "type": "Point", "coordinates": [ -0.890011515251283, 41.645348016621718 ] } },
{ "type": "Feature", "properties": { "id": "137", "about": "http://www.zaragoza.es/ciudad/viapublica/movilidad/bici/detalle_Bizi?oid=137", "title": "191- Pza. Aragón", "estado": "IN_SERVICE", "estadoEstacion": "http://vocab.linkeddata.es/datosabiertos/kos/transporte/bicicleta-publica/tipo-estado-estacion/no-operativa", "address": "191- Pza. Aragón", "tipoEquipamiento": "http://vocab.linkeddata.es/datosabiertos/kos/urbanismo-infraestructuras/equipamiento/tipo-equipamiento/estacion-de-bicicletas", "bicisDisponibles": 1, "anclajesDisponibles": 21, "lastUpdated": "2026-02-25T17:08:05Z", "description": "<ul><li>Estado: Operativa</li><li>Bicis disponibles: 1</li><li>Anclajes disponibles: 21</li></ul><p>Actualizado: 17:08</p>", "descripcion": "Datos de la estación bizi 191- Pza. Aragón", "icon": "//www.zaragoza.es/contenidos/iconos/bizi/conbicis.png", "capacity": 22, "ratio_ocupacion": 0.045454545454545456 }, "geometry": { "type": "Point", "coordinates": [ -0.885345427081381, 41.648611929165305 ] } },
{ "type": "Feature", "properties": { "id": "136", "about": "http://www.zaragoza.es/ciudad/viapublica/movilidad/bici/detalle_Bizi?oid=136", "title": "160 - Jardines Montemolín", "estado": "IN_SERVICE", "estadoEstacion": "http://vocab.linkeddata.es/datosabiertos/kos/transporte/bicicleta-publica/tipo-estado-estacion/no-operativa", "address": "160 - Jardines Montemolín", "tipoEquipamiento": "http://vocab.linkeddata.es/datosabiertos/kos/urbanismo-infraestructuras/equipamiento/tipo-equipamiento/estacion-de-bicicletas", "bicisDisponibles": 7, "anclajesDisponibles": 10, "lastUpdated": "2026-02-25T17:08:05Z", "description": "<ul><li>Estado: Operativa</li><li>Bicis disponibles: 7</li><li>Anclajes disponibles: 10</li></ul><p>Actualizado: 17:08</p>", "descripcion": "Datos de la estación bizi 160 - Jardines Montemolín", "icon": "//www.zaragoza.es/contenidos/iconos/bizi/conbicis.png", "capacity": 17, "ratio_ocupacion": 0.41176470588235292 }, "geometry": { "type": "Point", "coordinates": [ -0.864985661088736, 41.638675602021515 ] } },
{ "type": "Feature", "properties": { "id": "135", "about": "http://www.zaragoza.es/ciudad/viapublica/movilidad/bici/detalle_Bizi?oid=135", "title": "133- Campus. Ada Byron", "estado": "IN_SERVICE", "estadoEstacion": "http://vocab.linkeddata.es/datosabiertos/kos/transporte/bicicleta-publica/tipo-estado-estacion/no-operativa", "address": "133- Campus. Ada Byron", "tipoEquipamiento": "http://vocab.linkeddata.es/datosabiertos/kos/urbanismo-infraestructuras/equipamiento/tipo-equipamiento/estacion-de-bicicletas", "bicisDisponibles": 20, "anclajesDisponibles": 10, "lastUpdated": "2026-02-25T17:08:05Z", "description": "<ul><li>Estado: Operativa</li><li>Bicis disponibles: 20</li><li>Anclajes disponibles: 10</li></ul><p>Actualizado: 17:08</p>", "descripcion": "Datos de la estación bizi 133- Campus. Ada Byron", "icon": "//www.zaragoza.es/contenidos/iconos/bizi/conbicis.png", "capacity": 30, "ratio_ocupacion": 0.66666666666666663 }, "geometry": { "type": "Point", "coordinates": [ -0.887935522442132, 41.682940895367729 ] } },
{ "type": "Feature", "properties": { "id": "134", "about": "http://www.zaragoza.es/ciudad/viapublica/movilidad/bici/detalle_Bizi?oid=134", "title": "164- Rosales: Illueca", "estado": "IN_SERVICE", "estadoEstacion": "http://vocab.linkeddata.es/datosabiertos/kos/transporte/bicicleta-publica/tipo-estado-estacion/no-operativa", "address": "164- Rosales: Illueca", "tipoEquipamiento": "http://vocab.linkeddata.es/datosabiertos/kos/urbanismo-infraestructuras/equipamiento/tipo-equipamiento/estacion-de-bicicletas", "bicisDisponibles": 0, "anclajesDisponibles": 16, "lastUpdated": "2026-02-25T17:08:05Z", "description": "<ul><li>Estado: Operativa</li><li>Bicis disponibles: 0</li><li>Anclajes disponibles: 16</li></ul><p>Actualizado: 17:08</p>", "descripcion": "Datos de la estación bizi 164- Rosales: Illueca", "icon": "//www.zaragoza.es/contenidos/iconos/bizi/sinbicis.png", "capacity": 16, "ratio_ocupacion": 0.0 }, "geometry": { "type": "Point", "coordinates": [ -0.876042651271572, 41.639494789936244 ] } },
{ "type": "Feature", "properties": { "id": "133", "about": "http://www.zaragoza.es/ciudad/viapublica/movilidad/bici/detalle_Bizi?oid=133", "title": "79- Allende: Rotellar", "estado": "IN_SERVICE", "estadoEstacion": "http://vocab.linkeddata.es/datosabiertos/kos/transporte/bicicleta-publica/tipo-estado-estacion/no-operativa", "address": "79- Allende: Rotellar", "tipoEquipamiento": "http://vocab.linkeddata.es/datosabiertos/kos/urbanismo-infraestructuras/equipamiento/tipo-equipamiento/estacion-de-bicicletas", "bicisDisponibles": 0, "anclajesDisponibles": 14, "lastUpdated": "2026-02-25T17:08:05Z", "description": "<ul><li>Estado: Operativa</li><li>Bicis disponibles: 0</li><li>Anclajes disponibles: 14</li></ul><p>Actualizado: 17:08</p>", "descripcion": "Datos de la estación bizi 79- Allende: Rotellar", "icon": "//www.zaragoza.es/contenidos/iconos/bizi/sinbicis.png", "capacity": 14, "ratio_ocupacion": 0.0 }, "geometry": { "type": "Point", "coordinates": [ -0.876448706420977, 41.675776714608446 ] } },
{ "type": "Feature", "properties": { "id": "132", "about": "http://www.zaragoza.es/ciudad/viapublica/movilidad/bici/detalle_Bizi?oid=132", "title": "58- Valle Zuriza: Cataluña", "estado": "IN_SERVICE", "estadoEstacion": "http://vocab.linkeddata.es/datosabiertos/kos/transporte/bicicleta-publica/tipo-estado-estacion/no-operativa", "address": "58- Valle Zuriza: Cataluña", "tipoEquipamiento": "http://vocab.linkeddata.es/datosabiertos/kos/urbanismo-infraestructuras/equipamiento/tipo-equipamiento/estacion-de-bicicletas", "bicisDisponibles": 7, "anclajesDisponibles": 15, "lastUpdated": "2026-02-25T17:08:05Z", "description": "<ul><li>Estado: Operativa</li><li>Bicis disponibles: 7</li><li>Anclajes disponibles: 15</li></ul><p>Actualizado: 17:08</p>", "descripcion": "Datos de la estación bizi 58- Valle Zuriza: Cataluña", "icon": "//www.zaragoza.es/contenidos/iconos/bizi/conbicis.png", "capacity": 22, "ratio_ocupacion": 0.31818181818181818 }, "geometry": { "type": "Point", "coordinates": [ -0.869646111612934, 41.660379632867851 ] } },
{ "type": "Feature", "properties": { "id": "131", "about": "http://www.zaragoza.es/ciudad/viapublica/movilidad/bici/detalle_Bizi?oid=131", "title": "48- H. Cortés: Pza. Arregui", "estado": "IN_SERVICE", "estadoEstacion": "http://vocab.linkeddata.es/datosabiertos/kos/transporte/bicicleta-publica/tipo-estado-estacion/no-operativa", "address": "48- H. Cortés: Pza. Arregui", "tipoEquipamiento": "http://vocab.linkeddata.es/datosabiertos/kos/urbanismo-infraestructuras/equipamiento/tipo-equipamiento/estacion-de-bicicletas", "bicisDisponibles": 3, "anclajesDisponibles": 15, "lastUpdated": "2026-02-25T17:08:05Z", "description": "<ul><li>Estado: Operativa</li><li>Bicis disponibles: 3</li><li>Anclajes disponibles: 15</li></ul><p>Actualizado: 17:08</p>", "descripcion": "Datos de la estación bizi 48- H. Cortés: Pza. Arregui", "icon": "//www.zaragoza.es/contenidos/iconos/bizi/conbicis.png", "capacity": 18, "ratio_ocupacion": 0.16666666666666666 }, "geometry": { "type": "Point", "coordinates": [ -0.890404450538885, 41.6478860176815 ] } },
{ "type": "Feature", "properties": { "id": "130", "about": "http://www.zaragoza.es/ciudad/viapublica/movilidad/bici/detalle_Bizi?oid=130", "title": "198- Fleta: Rosellón", "estado": "IN_SERVICE", "estadoEstacion": "http://vocab.linkeddata.es/datosabiertos/kos/transporte/bicicleta-publica/tipo-estado-estacion/no-operativa", "address": "198- Fleta: Rosellón", "tipoEquipamiento": "http://vocab.linkeddata.es/datosabiertos/kos/urbanismo-infraestructuras/equipamiento/tipo-equipamiento/estacion-de-bicicletas", "bicisDisponibles": 6, "anclajesDisponibles": 13, "lastUpdated": "2026-02-25T17:08:05Z", "description": "<ul><li>Estado: Operativa</li><li>Bicis disponibles: 6</li><li>Anclajes disponibles: 13</li></ul><p>Actualizado: 17:08</p>", "descripcion": "Datos de la estación bizi 198- Fleta: Rosellón", "icon": "//www.zaragoza.es/contenidos/iconos/bizi/conbicis.png", "capacity": 19, "ratio_ocupacion": 0.31578947368421051 }, "geometry": { "type": "Point", "coordinates": [ -0.873625744802244, 41.635737756896219 ] } },
{ "type": "Feature", "properties": { "id": "129", "about": "http://www.zaragoza.es/ciudad/viapublica/movilidad/bici/detalle_Bizi?oid=129", "title": "166- Nápoles: Zaragoza La Vieja", "estado": "IN_SERVICE", "estadoEstacion": "http://vocab.linkeddata.es/datosabiertos/kos/transporte/bicicleta-publica/tipo-estado-estacion/no-operativa", "address": "166- Nápoles: Zaragoza La Vieja", "tipoEquipamiento": "http://vocab.linkeddata.es/datosabiertos/kos/urbanismo-infraestructuras/equipamiento/tipo-equipamiento/estacion-de-bicicletas", "bicisDisponibles": 13, "anclajesDisponibles": 4, "lastUpdated": "2026-02-25T17:08:04Z", "description": "<ul><li>Estado: Operativa</li><li>Bicis disponibles: 13</li><li>Anclajes disponibles: 4</li></ul><p>Actualizado: 17:08</p>", "descripcion": "Datos de la estación bizi 166- Nápoles: Zaragoza La Vieja", "icon": "//www.zaragoza.es/contenidos/iconos/bizi/conbicis.png", "capacity": 17, "ratio_ocupacion": 0.76470588235294112 }, "geometry": { "type": "Point", "coordinates": [ -0.875102773469099, 41.634674784625801 ] } },
{ "type": "Feature", "properties": { "id": "128", "about": "http://www.zaragoza.es/ciudad/viapublica/movilidad/bici/detalle_Bizi?oid=128", "title": "161- Alierta: Cno. Junco", "estado": "IN_SERVICE", "estadoEstacion": "http://vocab.linkeddata.es/datosabiertos/kos/transporte/bicicleta-publica/tipo-estado-estacion/no-operativa", "address": "161- Alierta: Cno. Junco", "tipoEquipamiento": "http://vocab.linkeddata.es/datosabiertos/kos/urbanismo-infraestructuras/equipamiento/tipo-equipamiento/estacion-de-bicicletas", "bicisDisponibles": 6, "anclajesDisponibles": 13, "lastUpdated": "2026-02-25T17:08:04Z", "description": "<ul><li>Estado: Operativa</li><li>Bicis disponibles: 6</li><li>Anclajes disponibles: 13</li></ul><p>Actualizado: 17:08</p>", "descripcion": "Datos de la estación bizi 161- Alierta: Cno. Junco", "icon": "//www.zaragoza.es/contenidos/iconos/bizi/conbicis.png", "capacity": 19, "ratio_ocupacion": 0.31578947368421051 }, "geometry": { "type": "Point", "coordinates": [ -0.864646734509759, 41.635781602731413 ] } },
{ "type": "Feature", "properties": { "id": "127", "about": "http://www.zaragoza.es/ciudad/viapublica/movilidad/bici/detalle_Bizi?oid=127", "title": "158- Alierta: Dos de Enero", "estado": "IN_SERVICE", "estadoEstacion": "http://vocab.linkeddata.es/datosabiertos/kos/transporte/bicicleta-publica/tipo-estado-estacion/no-operativa", "address": "158- Alierta: Dos de Enero", "tipoEquipamiento": "http://vocab.linkeddata.es/datosabiertos/kos/urbanismo-infraestructuras/equipamiento/tipo-equipamiento/estacion-de-bicicletas", "bicisDisponibles": 10, "anclajesDisponibles": 9, "lastUpdated": "2026-02-25T17:08:04Z", "description": "<ul><li>Estado: Operativa</li><li>Bicis disponibles: 10</li><li>Anclajes disponibles: 9</li></ul><p>Actualizado: 17:08</p>", "descripcion": "Datos de la estación bizi 158- Alierta: Dos de Enero", "icon": "//www.zaragoza.es/contenidos/iconos/bizi/conbicis.png", "capacity": 19, "ratio_ocupacion": 0.52631578947368418 }, "geometry": { "type": "Point", "coordinates": [ -0.871238656006549, 41.639120708327241 ] } },
{ "type": "Feature", "properties": { "id": "126", "about": "http://www.zaragoza.es/ciudad/viapublica/movilidad/bici/detalle_Bizi?oid=126", "title": "269-Hosp. Infantil", "estado": "IN_SERVICE", "estadoEstacion": "http://vocab.linkeddata.es/datosabiertos/kos/transporte/bicicleta-publica/tipo-estado-estacion/no-operativa", "address": "269-Hosp. Infantil", "tipoEquipamiento": "http://vocab.linkeddata.es/datosabiertos/kos/urbanismo-infraestructuras/equipamiento/tipo-equipamiento/estacion-de-bicicletas", "bicisDisponibles": 1, "anclajesDisponibles": 26, "lastUpdated": "2026-02-25T17:08:04Z", "description": "<ul><li>Estado: Operativa</li><li>Bicis disponibles: 1</li><li>Anclajes disponibles: 26</li></ul><p>Actualizado: 17:08</p>", "descripcion": "Datos de la estación bizi 269-Hosp. Infantil", "icon": "//www.zaragoza.es/contenidos/iconos/bizi/conbicis.png", "capacity": 27, "ratio_ocupacion": 0.037037037037037035 }, "geometry": { "type": "Point", "coordinates": [ -0.899637757454641, 41.636288202105732 ] } },
{ "type": "Feature", "properties": { "id": "125", "about": "http://www.zaragoza.es/ciudad/viapublica/movilidad/bici/detalle_Bizi?oid=125", "title": "170-Tetuán: Neptuno", "estado": "IN_SERVICE", "estadoEstacion": "http://vocab.linkeddata.es/datosabiertos/kos/transporte/bicicleta-publica/tipo-estado-estacion/no-operativa", "address": "170-Tetuán: Neptuno", "tipoEquipamiento": "http://vocab.linkeddata.es/datosabiertos/kos/urbanismo-infraestructuras/equipamiento/tipo-equipamiento/estacion-de-bicicletas", "bicisDisponibles": 6, "anclajesDisponibles": 13, "lastUpdated": "2026-02-25T17:08:04Z", "description": "<ul><li>Estado: Operativa</li><li>Bicis disponibles: 6</li><li>Anclajes disponibles: 13</li></ul><p>Actualizado: 17:08</p>", "descripcion": "Datos de la estación bizi 170-Tetuán: Neptuno", "icon": "//www.zaragoza.es/contenidos/iconos/bizi/conbicis.png", "capacity": 19, "ratio_ocupacion": 0.31578947368421051 }, "geometry": { "type": "Point", "coordinates": [ -0.879011884180822, 41.630501861036237 ] } },
{ "type": "Feature", "properties": { "id": "124", "about": "http://www.zaragoza.es/ciudad/viapublica/movilidad/bici/detalle_Bizi?oid=124", "title": "168-Pza. Uno de Mayo", "estado": "IN_SERVICE", "estadoEstacion": "http://vocab.linkeddata.es/datosabiertos/kos/transporte/bicicleta-publica/tipo-estado-estacion/no-operativa", "address": "168-Pza. Uno de Mayo", "tipoEquipamiento": "http://vocab.linkeddata.es/datosabiertos/kos/urbanismo-infraestructuras/equipamiento/tipo-equipamiento/estacion-de-bicicletas", "bicisDisponibles": 13, "anclajesDisponibles": 3, "lastUpdated": "2026-02-25T17:08:04Z", "description": "<ul><li>Estado: Operativa</li><li>Bicis disponibles: 13</li><li>Anclajes disponibles: 3</li></ul><p>Actualizado: 17:08</p>", "descripcion": "Datos de la estación bizi 168-Pza. Uno de Mayo", "icon": "//www.zaragoza.es/contenidos/iconos/bizi/conbicis.png", "capacity": 16, "ratio_ocupacion": 0.8125 }, "geometry": { "type": "Point", "coordinates": [ -0.878264734139751, 41.636340835150037 ] } },
{ "type": "Feature", "properties": { "id": "123", "about": "http://www.zaragoza.es/ciudad/viapublica/movilidad/bici/detalle_Bizi?oid=123", "title": "167-Cuéllar: Vista Alegre", "estado": "IN_SERVICE", "estadoEstacion": "http://vocab.linkeddata.es/datosabiertos/kos/transporte/bicicleta-publica/tipo-estado-estacion/no-operativa", "address": "167-Cuéllar: Vista Alegre", "tipoEquipamiento": "http://vocab.linkeddata.es/datosabiertos/kos/urbanismo-infraestructuras/equipamiento/tipo-equipamiento/estacion-de-bicicletas", "bicisDisponibles": 1, "anclajesDisponibles": 18, "lastUpdated": "2026-02-25T17:08:04Z", "description": "<ul><li>Estado: Operativa</li><li>Bicis disponibles: 1</li><li>Anclajes disponibles: 18</li></ul><p>Actualizado: 17:08</p>", "descripcion": "Datos de la estación bizi 167-Cuéllar: Vista Alegre", "icon": "//www.zaragoza.es/contenidos/iconos/bizi/conbicis.png", "capacity": 19, "ratio_ocupacion": 0.052631578947368418 }, "geometry": { "type": "Point", "coordinates": [ -0.884327692292143, 41.638217935003254 ] } },
{ "type": "Feature", "properties": { "id": "122", "about": "http://www.zaragoza.es/ciudad/viapublica/movilidad/bici/detalle_Bizi?oid=122", "title": "275-Biarritz: Sender", "estado": "IN_SERVICE", "estadoEstacion": "http://vocab.linkeddata.es/datosabiertos/kos/transporte/bicicleta-publica/tipo-estado-estacion/no-operativa", "address": "275-Biarritz: Sender", "tipoEquipamiento": "http://vocab.linkeddata.es/datosabiertos/kos/urbanismo-infraestructuras/equipamiento/tipo-equipamiento/estacion-de-bicicletas", "bicisDisponibles": 2, "anclajesDisponibles": 17, "lastUpdated": "2026-02-25T17:08:04Z", "description": "<ul><li>Estado: Operativa</li><li>Bicis disponibles: 2</li><li>Anclajes disponibles: 17</li></ul><p>Actualizado: 17:08</p>", "descripcion": "Datos de la estación bizi 275-Biarritz: Sender", "icon": "//www.zaragoza.es/contenidos/iconos/bizi/conbicis.png", "capacity": 19, "ratio_ocupacion": 0.10526315789473684 }, "geometry": { "type": "Point", "coordinates": [ -0.919542259457753, 41.656526475676841 ] } },
{ "type": "Feature", "properties": { "id": "121", "about": "http://www.zaragoza.es/ciudad/viapublica/movilidad/bici/detalle_Bizi?oid=121", "title": "237-Navarra: C.C. Augusta", "estado": "IN_SERVICE", "estadoEstacion": "http://vocab.linkeddata.es/datosabiertos/kos/transporte/bicicleta-publica/tipo-estado-estacion/no-operativa", "address": "237-Navarra: C.C. Augusta", "tipoEquipamiento": "http://vocab.linkeddata.es/datosabiertos/kos/urbanismo-infraestructuras/equipamiento/tipo-equipamiento/estacion-de-bicicletas", "bicisDisponibles": 7, "anclajesDisponibles": 11, "lastUpdated": "2026-02-25T17:08:04Z", "description": "<ul><li>Estado: Operativa</li><li>Bicis disponibles: 7</li><li>Anclajes disponibles: 11</li></ul><p>Actualizado: 17:08</p>", "descripcion": "Datos de la estación bizi 237-Navarra: C.C. Augusta", "icon": "//www.zaragoza.es/contenidos/iconos/bizi/conbicis.png", "capacity": 18, "ratio_ocupacion": 0.3888888888888889 }, "geometry": { "type": "Point", "coordinates": [ -0.919757197346847, 41.658945473790183 ] } },
{ "type": "Feature", "properties": { "id": "120", "about": "http://www.zaragoza.es/ciudad/viapublica/movilidad/bici/detalle_Bizi?oid=120", "title": "235-Ferreiro: Comín Ros", "estado": "IN_SERVICE", "estadoEstacion": "http://vocab.linkeddata.es/datosabiertos/kos/transporte/bicicleta-publica/tipo-estado-estacion/no-operativa", "address": "235-Ferreiro: Comín Ros", "tipoEquipamiento": "http://vocab.linkeddata.es/datosabiertos/kos/urbanismo-infraestructuras/equipamiento/tipo-equipamiento/estacion-de-bicicletas", "bicisDisponibles": 0, "anclajesDisponibles": 18, "lastUpdated": "2026-02-25T17:08:04Z", "description": "<ul><li>Estado: Operativa</li><li>Bicis disponibles: 0</li><li>Anclajes disponibles: 18</li></ul><p>Actualizado: 17:08</p>", "descripcion": "Datos de la estación bizi 235-Ferreiro: Comín Ros", "icon": "//www.zaragoza.es/contenidos/iconos/bizi/sinbicis.png", "capacity": 18, "ratio_ocupacion": 0.0 }, "geometry": { "type": "Point", "coordinates": [ -0.915003324049732, 41.653804411897717 ] } },
{ "type": "Feature", "properties": { "id": "119", "about": "http://www.zaragoza.es/ciudad/viapublica/movilidad/bici/detalle_Bizi?oid=119", "title": "88-M.ª Callas: Casanova", "estado": "IN_SERVICE", "estadoEstacion": "http://vocab.linkeddata.es/datosabiertos/kos/transporte/bicicleta-publica/tipo-estado-estacion/no-operativa", "address": "88-M.ª Callas: Casanova", "tipoEquipamiento": "http://vocab.linkeddata.es/datosabiertos/kos/urbanismo-infraestructuras/equipamiento/tipo-equipamiento/estacion-de-bicicletas", "bicisDisponibles": 16, "anclajesDisponibles": 1, "lastUpdated": "2026-02-25T17:08:04Z", "description": "<ul><li>Estado: Operativa</li><li>Bicis disponibles: 16</li><li>Anclajes disponibles: 1</li></ul><p>Actualizado: 17:08</p>", "descripcion": "Datos de la estación bizi 88-M.ª Callas: Casanova", "icon": "//www.zaragoza.es/contenidos/iconos/bizi/conbicis.png", "capacity": 17, "ratio_ocupacion": 0.94117647058823528 }, "geometry": { "type": "Point", "coordinates": [ -0.904033547177632, 41.656299282982346 ] } },
{ "type": "Feature", "properties": { "id": "118", "about": "http://www.zaragoza.es/ciudad/viapublica/movilidad/bici/detalle_Bizi?oid=118", "title": "86-Almozara: Batalla Arapiles", "estado": "IN_SERVICE", "estadoEstacion": "http://vocab.linkeddata.es/datosabiertos/kos/transporte/bicicleta-publica/tipo-estado-estacion/no-operativa", "address": "86-Almozara: Batalla Arapiles", "tipoEquipamiento": "http://vocab.linkeddata.es/datosabiertos/kos/urbanismo-infraestructuras/equipamiento/tipo-equipamiento/estacion-de-bicicletas", "bicisDisponibles": 10, "anclajesDisponibles": 9, "lastUpdated": "2026-02-25T17:08:04Z", "description": "<ul><li>Estado: Operativa</li><li>Bicis disponibles: 10</li><li>Anclajes disponibles: 9</li></ul><p>Actualizado: 17:08</p>", "descripcion": "Datos de la estación bizi 86-Almozara: Batalla Arapiles", "icon": "//www.zaragoza.es/contenidos/iconos/bizi/conbicis.png", "capacity": 19, "ratio_ocupacion": 0.52631578947368418 }, "geometry": { "type": "Point", "coordinates": [ -0.898931061978338, 41.663319129518406 ] } },
{ "type": "Feature", "properties": { "id": "117", "about": "http://www.zaragoza.es/ciudad/viapublica/movilidad/bici/detalle_Bizi?oid=117", "title": "85-Gargallo: Jardines Atenas", "estado": "IN_SERVICE", "estadoEstacion": "http://vocab.linkeddata.es/datosabiertos/kos/transporte/bicicleta-publica/tipo-estado-estacion/no-operativa", "address": "85-Gargallo: Jardines Atenas", "tipoEquipamiento": "http://vocab.linkeddata.es/datosabiertos/kos/urbanismo-infraestructuras/equipamiento/tipo-equipamiento/estacion-de-bicicletas", "bicisDisponibles": 10, "anclajesDisponibles": 9, "lastUpdated": "2026-02-25T17:08:04Z", "description": "<ul><li>Estado: Operativa</li><li>Bicis disponibles: 10</li><li>Anclajes disponibles: 9</li></ul><p>Actualizado: 17:08</p>", "descripcion": "Datos de la estación bizi 85-Gargallo: Jardines Atenas", "icon": "//www.zaragoza.es/contenidos/iconos/bizi/conbicis.png", "capacity": 19, "ratio_ocupacion": 0.52631578947368418 }, "geometry": { "type": "Point", "coordinates": [ -0.904065096220883, 41.662164220375416 ] } },
{ "type": "Feature", "properties": { "id": "116", "about": "http://www.zaragoza.es/ciudad/viapublica/movilidad/bici/detalle_Bizi?oid=116", "title": "84-Parq. Tapices Goya", "estado": "IN_SERVICE", "estadoEstacion": "http://vocab.linkeddata.es/datosabiertos/kos/transporte/bicicleta-publica/tipo-estado-estacion/no-operativa", "address": "84-Parq. Tapices Goya", "tipoEquipamiento": "http://vocab.linkeddata.es/datosabiertos/kos/urbanismo-infraestructuras/equipamiento/tipo-equipamiento/estacion-de-bicicletas", "bicisDisponibles": 9, "anclajesDisponibles": 8, "lastUpdated": "2026-02-25T17:08:04Z", "description": "<ul><li>Estado: Operativa</li><li>Bicis disponibles: 9</li><li>Anclajes disponibles: 8</li></ul><p>Actualizado: 17:08</p>", "descripcion": "Datos de la estación bizi 84-Parq. Tapices Goya", "icon": "//www.zaragoza.es/contenidos/iconos/bizi/conbicis.png", "capacity": 17, "ratio_ocupacion": 0.52941176470588236 }, "geometry": { "type": "Point", "coordinates": [ -0.877459410742351, 41.686652706947633 ] } },
{ "type": "Feature", "properties": { "id": "115", "about": "http://www.zaragoza.es/ciudad/viapublica/movilidad/bici/detalle_Bizi?oid=115", "title": "72-Zambrano: Iglesias", "estado": "IN_SERVICE", "estadoEstacion": "http://vocab.linkeddata.es/datosabiertos/kos/transporte/bicicleta-publica/tipo-estado-estacion/no-operativa", "address": "72-Zambrano: Iglesias", "tipoEquipamiento": "http://vocab.linkeddata.es/datosabiertos/kos/urbanismo-infraestructuras/equipamiento/tipo-equipamiento/estacion-de-bicicletas", "bicisDisponibles": 8, "anclajesDisponibles": 11, "lastUpdated": "2026-02-25T17:08:04Z", "description": "<ul><li>Estado: Operativa</li><li>Bicis disponibles: 8</li><li>Anclajes disponibles: 11</li></ul><p>Actualizado: 17:08</p>", "descripcion": "Datos de la estación bizi 72-Zambrano: Iglesias", "icon": "//www.zaragoza.es/contenidos/iconos/bizi/conbicis.png", "capacity": 19, "ratio_ocupacion": 0.42105263157894735 }, "geometry": { "type": "Point", "coordinates": [ -0.889088674348318, 41.677393927998104 ] } },
{ "type": "Feature", "properties": { "id": "114", "about": "http://www.zaragoza.es/ciudad/viapublica/movilidad/bici/detalle_Bizi?oid=114", "title": "262- Pza. Sto. Domingo", "estado": "IN_SERVICE", "estadoEstacion": "http://vocab.linkeddata.es/datosabiertos/kos/transporte/bicicleta-publica/tipo-estado-estacion/no-operativa", "address": "262- Pza. Sto. Domingo", "tipoEquipamiento": "http://vocab.linkeddata.es/datosabiertos/kos/urbanismo-infraestructuras/equipamiento/tipo-equipamiento/estacion-de-bicicletas", "bicisDisponibles": 0, "anclajesDisponibles": 20, "lastUpdated": "2026-02-25T17:08:04Z", "description": "<ul><li>Estado: Operativa</li><li>Bicis disponibles: 0</li><li>Anclajes disponibles: 20</li></ul><p>Actualizado: 17:08</p>", "descripcion": "Datos de la estación bizi 262- Pza. Sto. Domingo", "icon": "//www.zaragoza.es/contenidos/iconos/bizi/sinbicis.png", "capacity": 20, "ratio_ocupacion": 0.0 }, "geometry": { "type": "Point", "coordinates": [ -0.888992193621336, 41.657849971015743 ] } },
{ "type": "Feature", "properties": { "id": "113", "about": "http://www.zaragoza.es/ciudad/viapublica/movilidad/bici/detalle_Bizi?oid=113", "title": "33-Echegaray: El Pilar", "estado": "IN_SERVICE", "estadoEstacion": "http://vocab.linkeddata.es/datosabiertos/kos/transporte/bicicleta-publica/tipo-estado-estacion/no-operativa", "address": "33-Echegaray: El Pilar", "tipoEquipamiento": "http://vocab.linkeddata.es/datosabiertos/kos/urbanismo-infraestructuras/equipamiento/tipo-equipamiento/estacion-de-bicicletas", "bicisDisponibles": 4, "anclajesDisponibles": 13, "lastUpdated": "2026-02-25T17:08:04Z", "description": "<ul><li>Estado: Operativa</li><li>Bicis disponibles: 4</li><li>Anclajes disponibles: 13</li></ul><p>Actualizado: 17:08</p>", "descripcion": "Datos de la estación bizi 33-Echegaray: El Pilar", "icon": "//www.zaragoza.es/contenidos/iconos/bizi/conbicis.png", "capacity": 17, "ratio_ocupacion": 0.23529411764705882 }, "geometry": { "type": "Point", "coordinates": [ -0.877537205903522, 41.656966776191304 ] } },
{ "type": "Feature", "properties": { "id": "112", "about": "http://www.zaragoza.es/ciudad/viapublica/movilidad/bici/detalle_Bizi?oid=112", "title": "32-Hospital Provincial", "estado": "IN_SERVICE", "estadoEstacion": "http://vocab.linkeddata.es/datosabiertos/kos/transporte/bicicleta-publica/tipo-estado-estacion/no-operativa", "address": "32-Hospital Provincial", "tipoEquipamiento": "http://vocab.linkeddata.es/datosabiertos/kos/urbanismo-infraestructuras/equipamiento/tipo-equipamiento/estacion-de-bicicletas", "bicisDisponibles": 2, "anclajesDisponibles": 21, "lastUpdated": "2026-02-25T17:08:04Z", "description": "<ul><li>Estado: Operativa</li><li>Bicis disponibles: 2</li><li>Anclajes disponibles: 21</li></ul><p>Actualizado: 17:08</p>", "descripcion": "Datos de la estación bizi 32-Hospital Provincial", "icon": "//www.zaragoza.es/contenidos/iconos/bizi/conbicis.png", "capacity": 23, "ratio_ocupacion": 0.086956521739130432 }, "geometry": { "type": "Point", "coordinates": [ -0.886547344621137, 41.651873942472491 ] } },
{ "type": "Feature", "properties": { "id": "111", "about": "http://www.zaragoza.es/ciudad/viapublica/movilidad/bici/detalle_Bizi?oid=111", "title": "28-Pignatelli: Pza. Toros", "estado": "IN_SERVICE", "estadoEstacion": "http://vocab.linkeddata.es/datosabiertos/kos/transporte/bicicleta-publica/tipo-estado-estacion/no-operativa", "address": "28-Pignatelli: Pza. Toros", "tipoEquipamiento": "http://vocab.linkeddata.es/datosabiertos/kos/urbanismo-infraestructuras/equipamiento/tipo-equipamiento/estacion-de-bicicletas", "bicisDisponibles": 0, "anclajesDisponibles": 15, "lastUpdated": "2026-02-25T17:08:04Z", "description": "<ul><li>Estado: Operativa</li><li>Bicis disponibles: 0</li><li>Anclajes disponibles: 15</li></ul><p>Actualizado: 17:08</p>", "descripcion": "Datos de la estación bizi 28-Pignatelli: Pza. Toros", "icon": "//www.zaragoza.es/contenidos/iconos/bizi/sinbicis.png", "capacity": 15, "ratio_ocupacion": 0.0 }, "geometry": { "type": "Point", "coordinates": [ -0.891671267374812, 41.655071023307407 ] } },
{ "type": "Feature", "properties": { "id": "109", "about": "http://www.zaragoza.es/ciudad/viapublica/movilidad/bici/detalle_Bizi?oid=109", "title": "69-Picasso: Zamora Sarrate", "estado": "IN_SERVICE", "estadoEstacion": "http://vocab.linkeddata.es/datosabiertos/kos/transporte/bicicleta-publica/tipo-estado-estacion/no-operativa", "address": "69-Picasso: Zamora Sarrate", "tipoEquipamiento": "http://vocab.linkeddata.es/datosabiertos/kos/urbanismo-infraestructuras/equipamiento/tipo-equipamiento/estacion-de-bicicletas", "bicisDisponibles": 7, "anclajesDisponibles": 11, "lastUpdated": "2026-02-25T17:08:04Z", "description": "<ul><li>Estado: Operativa</li><li>Bicis disponibles: 7</li><li>Anclajes disponibles: 11</li></ul><p>Actualizado: 17:08</p>", "descripcion": "Datos de la estación bizi 69-Picasso: Zamora Sarrate", "icon": "//www.zaragoza.es/contenidos/iconos/bizi/conbicis.png", "capacity": 18, "ratio_ocupacion": 0.3888888888888889 }, "geometry": { "type": "Point", "coordinates": [ -0.894647818274371, 41.67228403531476 ] } },
{ "type": "Feature", "properties": { "id": "108", "about": "http://www.zaragoza.es/ciudad/viapublica/movilidad/bici/detalle_Bizi?oid=108", "title": "128-Calanda: Bolivia", "estado": "IN_SERVICE", "estadoEstacion": "http://vocab.linkeddata.es/datosabiertos/kos/transporte/bicicleta-publica/tipo-estado-estacion/no-operativa", "address": "128-Calanda: Bolivia", "tipoEquipamiento": "http://vocab.linkeddata.es/datosabiertos/kos/urbanismo-infraestructuras/equipamiento/tipo-equipamiento/estacion-de-bicicletas", "bicisDisponibles": 10, "anclajesDisponibles": 7, "lastUpdated": "2026-02-25T17:08:04Z", "description": "<ul><li>Estado: Operativa</li><li>Bicis disponibles: 10</li><li>Anclajes disponibles: 7</li></ul><p>Actualizado: 17:08</p>", "descripcion": "Datos de la estación bizi 128-Calanda: Bolivia", "icon": "//www.zaragoza.es/contenidos/iconos/bizi/conbicis.png", "capacity": 17, "ratio_ocupacion": 0.58823529411764708 }, "geometry": { "type": "Point", "coordinates": [ -0.903418394601188, 41.650548235271472 ] } },
{ "type": "Feature", "properties": { "id": "107", "about": "http://www.zaragoza.es/ciudad/viapublica/movilidad/bici/detalle_Bizi?oid=107", "title": "124-Univérsitas: Villahermosa", "estado": "IN_SERVICE", "estadoEstacion": "http://vocab.linkeddata.es/datosabiertos/kos/transporte/bicicleta-publica/tipo-estado-estacion/no-operativa", "address": "124-Univérsitas: Villahermosa", "tipoEquipamiento": "http://vocab.linkeddata.es/datosabiertos/kos/urbanismo-infraestructuras/equipamiento/tipo-equipamiento/estacion-de-bicicletas", "bicisDisponibles": 6, "anclajesDisponibles": 13, "lastUpdated": "2026-02-25T17:08:04Z", "description": "<ul><li>Estado: Operativa</li><li>Bicis disponibles: 6</li><li>Anclajes disponibles: 13</li></ul><p>Actualizado: 17:08</p>", "descripcion": "Datos de la estación bizi 124-Univérsitas: Villahermosa", "icon": "//www.zaragoza.es/contenidos/iconos/bizi/conbicis.png", "capacity": 19, "ratio_ocupacion": 0.31578947368421051 }, "geometry": { "type": "Point", "coordinates": [ -0.907986505008048, 41.646442320641988 ] } },
{ "type": "Feature", "properties": { "id": "106", "about": "http://www.zaragoza.es/ciudad/viapublica/movilidad/bici/detalle_Bizi?oid=106", "title": "116-Parq.Delicias: Ciudadela", "estado": "IN_SERVICE", "estadoEstacion": "http://vocab.linkeddata.es/datosabiertos/kos/transporte/bicicleta-publica/tipo-estado-estacion/no-operativa", "address": "116-Parq.Delicias: Ciudadela", "tipoEquipamiento": "http://vocab.linkeddata.es/datosabiertos/kos/urbanismo-infraestructuras/equipamiento/tipo-equipamiento/estacion-de-bicicletas", "bicisDisponibles": 1, "anclajesDisponibles": 18, "lastUpdated": "2026-02-25T17:08:04Z", "description": "<ul><li>Estado: Operativa</li><li>Bicis disponibles: 1</li><li>Anclajes disponibles: 18</li></ul><p>Actualizado: 17:08</p>", "descripcion": "Datos de la estación bizi 116-Parq.Delicias: Ciudadela", "icon": "//www.zaragoza.es/contenidos/iconos/bizi/conbicis.png", "capacity": 19, "ratio_ocupacion": 0.052631578947368418 }, "geometry": { "type": "Point", "coordinates": [ -0.913462461792316, 41.648384400096433 ] } },
{ "type": "Feature", "properties": { "id": "105", "about": "http://www.zaragoza.es/ciudad/viapublica/movilidad/bici/detalle_Bizi?oid=105", "title": "74-Picasso: Aleixandre", "estado": "IN_SERVICE", "estadoEstacion": "http://vocab.linkeddata.es/datosabiertos/kos/transporte/bicicleta-publica/tipo-estado-estacion/no-operativa", "address": "74-Picasso: Aleixandre", "tipoEquipamiento": "http://vocab.linkeddata.es/datosabiertos/kos/urbanismo-infraestructuras/equipamiento/tipo-equipamiento/estacion-de-bicicletas", "bicisDisponibles": 8, "anclajesDisponibles": 8, "lastUpdated": "2026-02-25T17:08:04Z", "description": "<ul><li>Estado: Operativa</li><li>Bicis disponibles: 8</li><li>Anclajes disponibles: 8</li></ul><p>Actualizado: 17:08</p>", "descripcion": "Datos de la estación bizi 74-Picasso: Aleixandre", "icon": "//www.zaragoza.es/contenidos/iconos/bizi/conbicis.png", "capacity": 16, "ratio_ocupacion": 0.5 }, "geometry": { "type": "Point", "coordinates": [ -0.883917787086537, 41.673069849132382 ] } },
{ "type": "Feature", "properties": { "id": "104", "about": "http://www.zaragoza.es/ciudad/viapublica/movilidad/bici/detalle_Bizi?oid=104", "title": "71-Legaz Lacambra: Paz", "estado": "IN_SERVICE", "estadoEstacion": "http://vocab.linkeddata.es/datosabiertos/kos/transporte/bicicleta-publica/tipo-estado-estacion/no-operativa", "address": "71-Legaz Lacambra: Paz", "tipoEquipamiento": "http://vocab.linkeddata.es/datosabiertos/kos/urbanismo-infraestructuras/equipamiento/tipo-equipamiento/estacion-de-bicicletas", "bicisDisponibles": 9, "anclajesDisponibles": 10, "lastUpdated": "2026-02-25T17:08:04Z", "description": "<ul><li>Estado: Operativa</li><li>Bicis disponibles: 9</li><li>Anclajes disponibles: 10</li></ul><p>Actualizado: 17:08</p>", "descripcion": "Datos de la estación bizi 71-Legaz Lacambra: Paz", "icon": "//www.zaragoza.es/contenidos/iconos/bizi/conbicis.png", "capacity": 19, "ratio_ocupacion": 0.47368421052631576 }, "geometry": { "type": "Point", "coordinates": [ -0.892881712118374, 41.676135996063891 ] } },
{ "type": "Feature", "properties": { "id": "103", "about": "http://www.zaragoza.es/ciudad/viapublica/movilidad/bici/detalle_Bizi?oid=103", "title": "62-Cnos. Norte: M. Cadena", "estado": "IN_SERVICE", "estadoEstacion": "http://vocab.linkeddata.es/datosabiertos/kos/transporte/bicicleta-publica/tipo-estado-estacion/no-operativa", "address": "62-Cnos. Norte: M. Cadena", "tipoEquipamiento": "http://vocab.linkeddata.es/datosabiertos/kos/urbanismo-infraestructuras/equipamiento/tipo-equipamiento/estacion-de-bicicletas", "bicisDisponibles": 12, "anclajesDisponibles": 7, "lastUpdated": "2026-02-25T17:08:04Z", "description": "<ul><li>Estado: Operativa</li><li>Bicis disponibles: 12</li><li>Anclajes disponibles: 7</li></ul><p>Actualizado: 17:08</p>", "descripcion": "Datos de la estación bizi 62-Cnos. Norte: M. Cadena", "icon": "//www.zaragoza.es/contenidos/iconos/bizi/conbicis.png", "capacity": 19, "ratio_ocupacion": 0.63157894736842102 }, "geometry": { "type": "Point", "coordinates": [ -0.868665993863601, 41.664955605599992 ] } },
{ "type": "Feature", "properties": { "id": "102", "about": "http://www.zaragoza.es/ciudad/viapublica/movilidad/bici/detalle_Bizi?oid=102", "title": "53-Juan XXIII", "estado": "IN_SERVICE", "estadoEstacion": "http://vocab.linkeddata.es/datosabiertos/kos/transporte/bicicleta-publica/tipo-estado-estacion/no-operativa", "address": "53-Juan XXIII", "tipoEquipamiento": "http://vocab.linkeddata.es/datosabiertos/kos/urbanismo-infraestructuras/equipamiento/tipo-equipamiento/estacion-de-bicicletas", "bicisDisponibles": 2, "anclajesDisponibles": 16, "lastUpdated": "2026-02-25T17:08:04Z", "description": "<ul><li>Estado: Operativa</li><li>Bicis disponibles: 2</li><li>Anclajes disponibles: 16</li></ul><p>Actualizado: 17:08</p>", "descripcion": "Datos de la estación bizi 53-Juan XXIII", "icon": "//www.zaragoza.es/contenidos/iconos/bizi/conbicis.png", "capacity": 18, "ratio_ocupacion": 0.1111111111111111 }, "geometry": { "type": "Point", "coordinates": [ -0.899623276789801, 41.654990160125848 ] } },
{ "type": "Feature", "properties": { "id": "101", "about": "http://www.zaragoza.es/ciudad/viapublica/movilidad/bici/detalle_Bizi?oid=101", "title": "130-Corona Aragón: Arenal", "estado": "IN_SERVICE", "estadoEstacion": "http://vocab.linkeddata.es/datosabiertos/kos/transporte/bicicleta-publica/tipo-estado-estacion/no-operativa", "address": "130-Corona Aragón: Arenal", "tipoEquipamiento": "http://vocab.linkeddata.es/datosabiertos/kos/urbanismo-infraestructuras/equipamiento/tipo-equipamiento/estacion-de-bicicletas", "bicisDisponibles": 6, "anclajesDisponibles": 9, "lastUpdated": "2026-02-25T17:08:04Z", "description": "<ul><li>Estado: Operativa</li><li>Bicis disponibles: 6</li><li>Anclajes disponibles: 9</li></ul><p>Actualizado: 17:08</p>", "descripcion": "Datos de la estación bizi 130-Corona Aragón: Arenal", "icon": "//www.zaragoza.es/contenidos/iconos/bizi/conbicis.png", "capacity": 15, "ratio_ocupacion": 0.4 }, "geometry": { "type": "Point", "coordinates": [ -0.89746056172934, 41.643822147951688 ] } },
{ "type": "Feature", "properties": { "id": "100", "about": "http://www.zaragoza.es/ciudad/viapublica/movilidad/bici/detalle_Bizi?oid=100", "title": "123-Hosp. Clínico", "estado": "IN_SERVICE", "estadoEstacion": "http://vocab.linkeddata.es/datosabiertos/kos/transporte/bicicleta-publica/tipo-estado-estacion/no-operativa", "address": "123-Hosp. Clínico", "tipoEquipamiento": "http://vocab.linkeddata.es/datosabiertos/kos/urbanismo-infraestructuras/equipamiento/tipo-equipamiento/estacion-de-bicicletas", "bicisDisponibles": 11, "anclajesDisponibles": 6, "lastUpdated": "2026-02-25T17:08:04Z", "description": "<ul><li>Estado: Operativa</li><li>Bicis disponibles: 11</li><li>Anclajes disponibles: 6</li></ul><p>Actualizado: 17:08</p>", "descripcion": "Datos de la estación bizi 123-Hosp. Clínico", "icon": "//www.zaragoza.es/contenidos/iconos/bizi/conbicis.png", "capacity": 17, "ratio_ocupacion": 0.6470588235294118 }, "geometry": { "type": "Point", "coordinates": [ -0.904393569953159, 41.643769267132811 ] } },
{ "type": "Feature", "properties": { "id": "99", "about": "http://www.zaragoza.es/ciudad/viapublica/movilidad/bici/detalle_Bizi?oid=99", "title": "122-Gmez. Laguna: Univérsitas", "estado": "IN_SERVICE", "estadoEstacion": "http://vocab.linkeddata.es/datosabiertos/kos/transporte/bicicleta-publica/tipo-estado-estacion/no-operativa", "address": "122-Gmez. Laguna: Univérsitas", "tipoEquipamiento": "http://vocab.linkeddata.es/datosabiertos/kos/urbanismo-infraestructuras/equipamiento/tipo-equipamiento/estacion-de-bicicletas", "bicisDisponibles": 1, "anclajesDisponibles": 18, "lastUpdated": "2026-02-25T17:08:04Z", "description": "<ul><li>Estado: Operativa</li><li>Bicis disponibles: 1</li><li>Anclajes disponibles: 18</li></ul><p>Actualizado: 17:08</p>", "descripcion": "Datos de la estación bizi 122-Gmez. Laguna: Univérsitas", "icon": "//www.zaragoza.es/contenidos/iconos/bizi/conbicis.png", "capacity": 19, "ratio_ocupacion": 0.052631578947368418 }, "geometry": { "type": "Point", "coordinates": [ -0.907379598006183, 41.642800319450373 ] } },
{ "type": "Feature", "properties": { "id": "98", "about": "http://www.zaragoza.es/ciudad/viapublica/movilidad/bici/detalle_Bizi?oid=98", "title": "121-Auditorio", "estado": "IN_SERVICE", "estadoEstacion": "http://vocab.linkeddata.es/datosabiertos/kos/transporte/bicicleta-publica/tipo-estado-estacion/no-operativa", "address": "121-Auditorio", "tipoEquipamiento": "http://vocab.linkeddata.es/datosabiertos/kos/urbanismo-infraestructuras/equipamiento/tipo-equipamiento/estacion-de-bicicletas", "bicisDisponibles": 3, "anclajesDisponibles": 15, "lastUpdated": "2026-02-25T17:08:04Z", "description": "<ul><li>Estado: Operativa</li><li>Bicis disponibles: 3</li><li>Anclajes disponibles: 15</li></ul><p>Actualizado: 17:08</p>", "descripcion": "Datos de la estación bizi 121-Auditorio", "icon": "//www.zaragoza.es/contenidos/iconos/bizi/conbicis.png", "capacity": 18, "ratio_ocupacion": 0.16666666666666666 }, "geometry": { "type": "Point", "coordinates": [ -0.901871685659905, 41.639171234051787 ] } },
{ "type": "Feature", "properties": { "id": "97", "about": "http://www.zaragoza.es/ciudad/viapublica/movilidad/bici/detalle_Bizi?oid=97", "title": "115-Hispanidad: Atlántico", "estado": "IN_SERVICE", "estadoEstacion": "http://vocab.linkeddata.es/datosabiertos/kos/transporte/bicicleta-publica/tipo-estado-estacion/no-operativa", "address": "115-Hispanidad: Atlántico", "tipoEquipamiento": "http://vocab.linkeddata.es/datosabiertos/kos/urbanismo-infraestructuras/equipamiento/tipo-equipamiento/estacion-de-bicicletas", "bicisDisponibles": 5, "anclajesDisponibles": 13, "lastUpdated": "2026-02-25T17:08:04Z", "description": "<ul><li>Estado: Operativa</li><li>Bicis disponibles: 5</li><li>Anclajes disponibles: 13</li></ul><p>Actualizado: 17:08</p>", "descripcion": "Datos de la estación bizi 115-Hispanidad: Atlántico", "icon": "//www.zaragoza.es/contenidos/iconos/bizi/conbicis.png", "capacity": 18, "ratio_ocupacion": 0.27777777777777779 }, "geometry": { "type": "Point", "coordinates": [ -0.917416509524626, 41.646722464156774 ] } },
{ "type": "Feature", "properties": { "id": "96", "about": "http://www.zaragoza.es/ciudad/viapublica/movilidad/bici/detalle_Bizi?oid=96", "title": "114-Hispanidad: Villahermosa", "estado": "IN_SERVICE", "estadoEstacion": "http://vocab.linkeddata.es/datosabiertos/kos/transporte/bicicleta-publica/tipo-estado-estacion/no-operativa", "address": "114-Hispanidad: Villahermosa", "tipoEquipamiento": "http://vocab.linkeddata.es/datosabiertos/kos/urbanismo-infraestructuras/equipamiento/tipo-equipamiento/estacion-de-bicicletas", "bicisDisponibles": 5, "anclajesDisponibles": 13, "lastUpdated": "2026-02-25T17:08:04Z", "description": "<ul><li>Estado: Operativa</li><li>Bicis disponibles: 5</li><li>Anclajes disponibles: 13</li></ul><p>Actualizado: 17:08</p>", "descripcion": "Datos de la estación bizi 114-Hispanidad: Villahermosa", "icon": "//www.zaragoza.es/contenidos/iconos/bizi/conbicis.png", "capacity": 18, "ratio_ocupacion": 0.27777777777777779 }, "geometry": { "type": "Point", "coordinates": [ -0.915746577076125, 41.644019444468967 ] } },
{ "type": "Feature", "properties": { "id": "95", "about": "http://www.zaragoza.es/ciudad/viapublica/movilidad/bici/detalle_Bizi?oid=95", "title": "113-Hispanidad: Gómez Laguna", "estado": "IN_SERVICE", "estadoEstacion": "http://vocab.linkeddata.es/datosabiertos/kos/transporte/bicicleta-publica/tipo-estado-estacion/no-operativa", "address": "113-Hispanidad: Gómez Laguna", "tipoEquipamiento": "http://vocab.linkeddata.es/datosabiertos/kos/urbanismo-infraestructuras/equipamiento/tipo-equipamiento/estacion-de-bicicletas", "bicisDisponibles": 0, "anclajesDisponibles": 19, "lastUpdated": "2026-02-25T17:08:04Z", "description": "<ul><li>Estado: Operativa</li><li>Bicis disponibles: 0</li><li>Anclajes disponibles: 19</li></ul><p>Actualizado: 17:08</p>", "descripcion": "Datos de la estación bizi 113-Hispanidad: Gómez Laguna", "icon": "//www.zaragoza.es/contenidos/iconos/bizi/sinbicis.png", "capacity": 19, "ratio_ocupacion": 0.0 }, "geometry": { "type": "Point", "coordinates": [ -0.914204659671195, 41.640737428044901 ] } },
{ "type": "Feature", "properties": { "id": "94", "about": "http://www.zaragoza.es/ciudad/viapublica/movilidad/bici/detalle_Bizi?oid=94", "title": "112-Hispanidad: Conservatorio", "estado": "IN_SERVICE", "estadoEstacion": "http://vocab.linkeddata.es/datosabiertos/kos/transporte/bicicleta-publica/tipo-estado-estacion/no-operativa", "address": "112-Hispanidad: Conservatorio", "tipoEquipamiento": "http://vocab.linkeddata.es/datosabiertos/kos/urbanismo-infraestructuras/equipamiento/tipo-equipamiento/estacion-de-bicicletas", "bicisDisponibles": 6, "anclajesDisponibles": 12, "lastUpdated": "2026-02-25T17:08:04Z", "description": "<ul><li>Estado: Operativa</li><li>Bicis disponibles: 6</li><li>Anclajes disponibles: 12</li></ul><p>Actualizado: 17:08</p>", "descripcion": "Datos de la estación bizi 112-Hispanidad: Conservatorio", "icon": "//www.zaragoza.es/contenidos/iconos/bizi/conbicis.png", "capacity": 18, "ratio_ocupacion": 0.33333333333333331 }, "geometry": { "type": "Point", "coordinates": [ -0.912320767851244, 41.636443408679966 ] } },
{ "type": "Feature", "properties": { "id": "93", "about": "http://www.zaragoza.es/ciudad/viapublica/movilidad/bici/detalle_Bizi?oid=93", "title": "111-Hispanidad: Condes Aragón", "estado": "IN_SERVICE", "estadoEstacion": "http://vocab.linkeddata.es/datosabiertos/kos/transporte/bicicleta-publica/tipo-estado-estacion/no-operativa", "address": "111-Hispanidad: Condes Aragón", "tipoEquipamiento": "http://vocab.linkeddata.es/datosabiertos/kos/urbanismo-infraestructuras/equipamiento/tipo-equipamiento/estacion-de-bicicletas", "bicisDisponibles": 1, "anclajesDisponibles": 18, "lastUpdated": "2026-02-25T17:08:04Z", "description": "<ul><li>Estado: Operativa</li><li>Bicis disponibles: 1</li><li>Anclajes disponibles: 18</li></ul><p>Actualizado: 17:08</p>", "descripcion": "Datos de la estación bizi 111-Hispanidad: Condes Aragón", "icon": "//www.zaragoza.es/contenidos/iconos/bizi/conbicis.png", "capacity": 19, "ratio_ocupacion": 0.052631578947368418 }, "geometry": { "type": "Point", "coordinates": [ -0.909015813209532, 41.634518362641131 ] } },
{ "type": "Feature", "properties": { "id": "92", "about": "http://www.zaragoza.es/ciudad/viapublica/movilidad/bici/detalle_Bizi?oid=92", "title": "110-Ciudad de Toulouse", "estado": "IN_SERVICE", "estadoEstacion": "http://vocab.linkeddata.es/datosabiertos/kos/transporte/bicicleta-publica/tipo-estado-estacion/no-operativa", "address": "110-Ciudad de Toulouse", "tipoEquipamiento": "http://vocab.linkeddata.es/datosabiertos/kos/urbanismo-infraestructuras/equipamiento/tipo-equipamiento/estacion-de-bicicletas", "bicisDisponibles": 8, "anclajesDisponibles": 11, "lastUpdated": "2026-02-25T17:08:04Z", "description": "<ul><li>Estado: Operativa</li><li>Bicis disponibles: 8</li><li>Anclajes disponibles: 11</li></ul><p>Actualizado: 17:08</p>", "descripcion": "Datos de la estación bizi 110-Ciudad de Toulouse", "icon": "//www.zaragoza.es/contenidos/iconos/bizi/conbicis.png", "capacity": 19, "ratio_ocupacion": 0.42105263157894735 }, "geometry": { "type": "Point", "coordinates": [ -0.90488484483744, 41.633101299238461 ] } },
{ "type": "Feature", "properties": { "id": "91", "about": "http://www.zaragoza.es/ciudad/viapublica/movilidad/bici/detalle_Bizi?oid=91", "title": "109-H. Miguel Servet", "estado": "IN_SERVICE", "estadoEstacion": "http://vocab.linkeddata.es/datosabiertos/kos/transporte/bicicleta-publica/tipo-estado-estacion/no-operativa", "address": "109-H. Miguel Servet", "tipoEquipamiento": "http://vocab.linkeddata.es/datosabiertos/kos/urbanismo-infraestructuras/equipamiento/tipo-equipamiento/estacion-de-bicicletas", "bicisDisponibles": 4, "anclajesDisponibles": 23, "lastUpdated": "2026-02-25T17:08:04Z", "description": "<ul><li>Estado: Operativa</li><li>Bicis disponibles: 4</li><li>Anclajes disponibles: 23</li></ul><p>Actualizado: 17:08</p>", "descripcion": "Datos de la estación bizi 109-H. Miguel Servet", "icon": "//www.zaragoza.es/contenidos/iconos/bizi/conbicis.png", "capacity": 27, "ratio_ocupacion": 0.14814814814814814 }, "geometry": { "type": "Point", "coordinates": [ -0.901637798428791, 41.634774239797821 ] } },
{ "type": "Feature", "properties": { "id": "90", "about": "http://www.zaragoza.es/ciudad/viapublica/movilidad/bici/detalle_Bizi?oid=90", "title": "108-Emperador Carlos V", "estado": "IN_SERVICE", "estadoEstacion": "http://vocab.linkeddata.es/datosabiertos/kos/transporte/bicicleta-publica/tipo-estado-estacion/no-operativa", "address": "108-Emperador Carlos V", "tipoEquipamiento": "http://vocab.linkeddata.es/datosabiertos/kos/urbanismo-infraestructuras/equipamiento/tipo-equipamiento/estacion-de-bicicletas", "bicisDisponibles": 10, "anclajesDisponibles": 8, "lastUpdated": "2026-02-25T17:08:04Z", "description": "<ul><li>Estado: Operativa</li><li>Bicis disponibles: 10</li><li>Anclajes disponibles: 8</li></ul><p>Actualizado: 17:08</p>", "descripcion": "Datos de la estación bizi 108-Emperador Carlos V", "icon": "//www.zaragoza.es/contenidos/iconos/bizi/conbicis.png", "capacity": 18, "ratio_ocupacion": 0.55555555555555558 }, "geometry": { "type": "Point", "coordinates": [ -0.898462715226575, 41.637885178384636 ] } },
{ "type": "Feature", "properties": { "id": "89", "about": "http://www.zaragoza.es/ciudad/viapublica/movilidad/bici/detalle_Bizi?oid=89", "title": "107-Lasala: Vives", "estado": "IN_SERVICE", "estadoEstacion": "http://vocab.linkeddata.es/datosabiertos/kos/transporte/bicicleta-publica/tipo-estado-estacion/no-operativa", "address": "107-Lasala: Vives", "tipoEquipamiento": "http://vocab.linkeddata.es/datosabiertos/kos/urbanismo-infraestructuras/equipamiento/tipo-equipamiento/estacion-de-bicicletas", "bicisDisponibles": 2, "anclajesDisponibles": 16, "lastUpdated": "2026-02-25T17:08:04Z", "description": "<ul><li>Estado: Operativa</li><li>Bicis disponibles: 2</li><li>Anclajes disponibles: 16</li></ul><p>Actualizado: 17:08</p>", "descripcion": "Datos de la estación bizi 107-Lasala: Vives", "icon": "//www.zaragoza.es/contenidos/iconos/bizi/conbicis.png", "capacity": 18, "ratio_ocupacion": 0.1111111111111111 }, "geometry": { "type": "Point", "coordinates": [ -0.895380708252674, 41.638034125144337 ] } },
{ "type": "Feature", "properties": { "id": "88", "about": "http://www.zaragoza.es/ciudad/viapublica/movilidad/bici/detalle_Bizi?oid=88", "title": "106-Arz. Morcillo: Soria", "estado": "IN_SERVICE", "estadoEstacion": "http://vocab.linkeddata.es/datosabiertos/kos/transporte/bicicleta-publica/tipo-estado-estacion/no-operativa", "address": "106-Arz. Morcillo: Soria", "tipoEquipamiento": "http://vocab.linkeddata.es/datosabiertos/kos/urbanismo-infraestructuras/equipamiento/tipo-equipamiento/estacion-de-bicicletas", "bicisDisponibles": 9, "anclajesDisponibles": 10, "lastUpdated": "2026-02-25T17:08:04Z", "description": "<ul><li>Estado: Operativa</li><li>Bicis disponibles: 9</li><li>Anclajes disponibles: 10</li></ul><p>Actualizado: 17:08</p>", "descripcion": "Datos de la estación bizi 106-Arz. Morcillo: Soria", "icon": "//www.zaragoza.es/contenidos/iconos/bizi/conbicis.png", "capacity": 19, "ratio_ocupacion": 0.47368421052631576 }, "geometry": { "type": "Point", "coordinates": [ -0.890674715172814, 41.637577045380311 ] } },
{ "type": "Feature", "properties": { "id": "87", "about": "http://www.zaragoza.es/ciudad/viapublica/movilidad/bici/detalle_Bizi?oid=87", "title": "103-Lacarra Miguel: S. Vte. Mártir", "estado": "IN_SERVICE", "estadoEstacion": "http://vocab.linkeddata.es/datosabiertos/kos/transporte/bicicleta-publica/tipo-estado-estacion/no-operativa", "address": "103-Lacarra Miguel: S. Vte. Mártir", "tipoEquipamiento": "http://vocab.linkeddata.es/datosabiertos/kos/urbanismo-infraestructuras/equipamiento/tipo-equipamiento/estacion-de-bicicletas", "bicisDisponibles": 6, "anclajesDisponibles": 17, "lastUpdated": "2026-02-25T17:08:04Z", "description": "<ul><li>Estado: Operativa</li><li>Bicis disponibles: 6</li><li>Anclajes disponibles: 17</li></ul><p>Actualizado: 17:08</p>", "descripcion": "Datos de la estación bizi 103-Lacarra Miguel: S. Vte. Mártir", "icon": "//www.zaragoza.es/contenidos/iconos/bizi/conbicis.png", "capacity": 23, "ratio_ocupacion": 0.2608695652173913 }, "geometry": { "type": "Point", "coordinates": [ -0.881653523366793, 41.644712874531294 ] } },
{ "type": "Feature", "properties": { "id": "86", "about": "http://www.zaragoza.es/ciudad/viapublica/movilidad/bici/detalle_Bizi?oid=86", "title": "101-Dr. Iranzo: Benlliure", "estado": "IN_SERVICE", "estadoEstacion": "http://vocab.linkeddata.es/datosabiertos/kos/transporte/bicicleta-publica/tipo-estado-estacion/no-operativa", "address": "101-Dr. Iranzo: Benlliure", "tipoEquipamiento": "http://vocab.linkeddata.es/datosabiertos/kos/urbanismo-infraestructuras/equipamiento/tipo-equipamiento/estacion-de-bicicletas", "bicisDisponibles": 8, "anclajesDisponibles": 11, "lastUpdated": "2026-02-25T17:08:04Z", "description": "<ul><li>Estado: Operativa</li><li>Bicis disponibles: 8</li><li>Anclajes disponibles: 11</li></ul><p>Actualizado: 17:08</p>", "descripcion": "Datos de la estación bizi 101-Dr. Iranzo: Benlliure", "icon": "//www.zaragoza.es/contenidos/iconos/bizi/conbicis.png", "capacity": 19, "ratio_ocupacion": 0.42105263157894735 }, "geometry": { "type": "Point", "coordinates": [ -0.863476769720919, 41.65004692038611 ] } },
{ "type": "Feature", "properties": { "id": "85", "about": "http://www.zaragoza.es/ciudad/viapublica/movilidad/bici/detalle_Bizi?oid=85", "title": "100-Pza. del Carmen", "estado": "IN_SERVICE", "estadoEstacion": "http://vocab.linkeddata.es/datosabiertos/kos/transporte/bicicleta-publica/tipo-estado-estacion/no-operativa", "address": "100-Pza. del Carmen", "tipoEquipamiento": "http://vocab.linkeddata.es/datosabiertos/kos/urbanismo-infraestructuras/equipamiento/tipo-equipamiento/estacion-de-bicicletas", "bicisDisponibles": 0, "anclajesDisponibles": 18, "lastUpdated": "2026-02-25T17:08:04Z", "description": "<ul><li>Estado: Operativa</li><li>Bicis disponibles: 0</li><li>Anclajes disponibles: 18</li></ul><p>Actualizado: 17:08</p>", "descripcion": "Datos de la estación bizi 100-Pza. del Carmen", "icon": "//www.zaragoza.es/contenidos/iconos/bizi/sinbicis.png", "capacity": 18, "ratio_ocupacion": 0.0 }, "geometry": { "type": "Point", "coordinates": [ -0.884660366452599, 41.650952912132972 ] } },
{ "type": "Feature", "properties": { "id": "84", "about": "http://www.zaragoza.es/ciudad/viapublica/movilidad/bici/detalle_Bizi?oid=84", "title": "99-Sta. Engracia", "estado": "IN_SERVICE", "estadoEstacion": "http://vocab.linkeddata.es/datosabiertos/kos/transporte/bicicleta-publica/tipo-estado-estacion/no-operativa", "address": "99-Sta. Engracia", "tipoEquipamiento": "http://vocab.linkeddata.es/datosabiertos/kos/urbanismo-infraestructuras/equipamiento/tipo-equipamiento/estacion-de-bicicletas", "bicisDisponibles": 0, "anclajesDisponibles": 22, "lastUpdated": "2026-02-25T17:08:04Z", "description": "<ul><li>Estado: Operativa</li><li>Bicis disponibles: 0</li><li>Anclajes disponibles: 22</li></ul><p>Actualizado: 17:08</p>", "descripcion": "Datos de la estación bizi 99-Sta. Engracia", "icon": "//www.zaragoza.es/contenidos/iconos/bizi/sinbicis.png", "capacity": 22, "ratio_ocupacion": 0.0 }, "geometry": { "type": "Point", "coordinates": [ -0.882405410398926, 41.649153877453664 ] } },
{ "type": "Feature", "properties": { "id": "83", "about": "http://www.zaragoza.es/ciudad/viapublica/movilidad/bici/detalle_Bizi?oid=83", "title": "98-Gta. Sasera", "estado": "IN_SERVICE", "estadoEstacion": "http://vocab.linkeddata.es/datosabiertos/kos/transporte/bicicleta-publica/tipo-estado-estacion/no-operativa", "address": "98-Gta. Sasera", "tipoEquipamiento": "http://vocab.linkeddata.es/datosabiertos/kos/urbanismo-infraestructuras/equipamiento/tipo-equipamiento/estacion-de-bicicletas", "bicisDisponibles": 4, "anclajesDisponibles": 16, "lastUpdated": "2026-02-25T17:08:04Z", "description": "<ul><li>Estado: Operativa</li><li>Bicis disponibles: 4</li><li>Anclajes disponibles: 16</li></ul><p>Actualizado: 17:08</p>", "descripcion": "Datos de la estación bizi 98-Gta. Sasera", "icon": "//www.zaragoza.es/contenidos/iconos/bizi/conbicis.png", "capacity": 20, "ratio_ocupacion": 0.2 }, "geometry": { "type": "Point", "coordinates": [ -0.88529248985089, 41.646159933765013 ] } },
{ "type": "Feature", "properties": { "id": "82", "about": "http://www.zaragoza.es/ciudad/viapublica/movilidad/bici/detalle_Bizi?oid=82", "title": "97-Constitución: Escar", "estado": "IN_SERVICE", "estadoEstacion": "http://vocab.linkeddata.es/datosabiertos/kos/transporte/bicicleta-publica/tipo-estado-estacion/no-operativa", "address": "97-Constitución: Escar", "tipoEquipamiento": "http://vocab.linkeddata.es/datosabiertos/kos/urbanismo-infraestructuras/equipamiento/tipo-equipamiento/estacion-de-bicicletas", "bicisDisponibles": 9, "anclajesDisponibles": 14, "lastUpdated": "2026-02-25T17:08:04Z", "description": "<ul><li>Estado: Operativa</li><li>Bicis disponibles: 9</li><li>Anclajes disponibles: 14</li></ul><p>Actualizado: 17:08</p>", "descripcion": "Datos de la estación bizi 97-Constitución: Escar", "icon": "//www.zaragoza.es/contenidos/iconos/bizi/conbicis.png", "capacity": 23, "ratio_ocupacion": 0.39130434782608697 }, "geometry": { "type": "Point", "coordinates": [ -0.88029344903402, 41.647565844760088 ] } },
{ "type": "Feature", "properties": { "id": "81", "about": "http://www.zaragoza.es/ciudad/viapublica/movilidad/bici/detalle_Bizi?oid=81", "title": "93-Matadero", "estado": "IN_SERVICE", "estadoEstacion": "http://vocab.linkeddata.es/datosabiertos/kos/transporte/bicicleta-publica/tipo-estado-estacion/no-operativa", "address": "93-Matadero", "tipoEquipamiento": "http://vocab.linkeddata.es/datosabiertos/kos/urbanismo-infraestructuras/equipamiento/tipo-equipamiento/estacion-de-bicicletas", "bicisDisponibles": 18, "anclajesDisponibles": 0, "lastUpdated": "2026-02-25T17:08:04Z", "description": "<ul><li>Estado: Operativa</li><li>Bicis disponibles: 18</li><li>Anclajes disponibles: 0</li></ul><p>Actualizado: 17:08</p>", "descripcion": "Datos de la estación bizi 93-Matadero", "icon": "//www.zaragoza.es/contenidos/iconos/bizi/conbicis.png", "capacity": 18, "ratio_ocupacion": 1.0 }, "geometry": { "type": "Point", "coordinates": [ -0.871166505784, 41.645001693832462 ] } },
{ "type": "Feature", "properties": { "id": "80", "about": "http://www.zaragoza.es/ciudad/viapublica/movilidad/bici/detalle_Bizi?oid=80", "title": "92-S. Juan Cruz: Lasala", "estado": "IN_SERVICE", "estadoEstacion": "http://vocab.linkeddata.es/datosabiertos/kos/transporte/bicicleta-publica/tipo-estado-estacion/no-operativa", "address": "92-S. Juan Cruz: Lasala", "tipoEquipamiento": "http://vocab.linkeddata.es/datosabiertos/kos/urbanismo-infraestructuras/equipamiento/tipo-equipamiento/estacion-de-bicicletas", "bicisDisponibles": 0, "anclajesDisponibles": 13, "lastUpdated": "2026-02-25T17:08:04Z", "description": "<ul><li>Estado: Operativa</li><li>Bicis disponibles: 0</li><li>Anclajes disponibles: 13</li></ul><p>Actualizado: 17:08</p>", "descripcion": "Datos de la estación bizi 92-S. Juan Cruz: Lasala", "icon": "//www.zaragoza.es/contenidos/iconos/bizi/sinbicis.png", "capacity": 13, "ratio_ocupacion": 0.0 }, "geometry": { "type": "Point", "coordinates": [ -0.890136632840722, 41.640767029020054 ] } },
{ "type": "Feature", "properties": { "id": "79", "about": "http://www.zaragoza.es/ciudad/viapublica/movilidad/bici/detalle_Bizi?oid=79", "title": "91-S. Francisco: Fdo. Católico", "estado": "IN_SERVICE", "estadoEstacion": "http://vocab.linkeddata.es/datosabiertos/kos/transporte/bicicleta-publica/tipo-estado-estacion/no-operativa", "address": "91-S. Francisco: Fdo. Católico", "tipoEquipamiento": "http://vocab.linkeddata.es/datosabiertos/kos/urbanismo-infraestructuras/equipamiento/tipo-equipamiento/estacion-de-bicicletas", "bicisDisponibles": 11, "anclajesDisponibles": 10, "lastUpdated": "2026-02-25T17:08:04Z", "description": "<ul><li>Estado: Operativa</li><li>Bicis disponibles: 11</li><li>Anclajes disponibles: 10</li></ul><p>Actualizado: 17:08</p>", "descripcion": "Datos de la estación bizi 91-S. Francisco: Fdo. Católico", "icon": "//www.zaragoza.es/contenidos/iconos/bizi/conbicis.png", "capacity": 21, "ratio_ocupacion": 0.52380952380952384 }, "geometry": { "type": "Point", "coordinates": [ -0.894434630299832, 41.641034102214611 ] } },
{ "type": "Feature", "properties": { "id": "78", "about": "http://www.zaragoza.es/ciudad/viapublica/movilidad/bici/detalle_Bizi?oid=78", "title": "90-Bretón: Claret", "estado": "IN_SERVICE", "estadoEstacion": "http://vocab.linkeddata.es/datosabiertos/kos/transporte/bicicleta-publica/tipo-estado-estacion/no-operativa", "address": "90-Bretón: Claret", "tipoEquipamiento": "http://vocab.linkeddata.es/datosabiertos/kos/urbanismo-infraestructuras/equipamiento/tipo-equipamiento/estacion-de-bicicletas", "bicisDisponibles": 1, "anclajesDisponibles": 18, "lastUpdated": "2026-02-25T17:08:04Z", "description": "<ul><li>Estado: Operativa</li><li>Bicis disponibles: 1</li><li>Anclajes disponibles: 18</li></ul><p>Actualizado: 17:08</p>", "descripcion": "Datos de la estación bizi 90-Bretón: Claret", "icon": "//www.zaragoza.es/contenidos/iconos/bizi/conbicis.png", "capacity": 19, "ratio_ocupacion": 0.052631578947368418 }, "geometry": { "type": "Point", "coordinates": [ -0.895135547239285, 41.6442971069647 ] } },
{ "type": "Feature", "properties": { "id": "77", "about": "http://www.zaragoza.es/ciudad/viapublica/movilidad/bici/detalle_Bizi?oid=77", "title": "52-Villahermosa: F. y López", "estado": "IN_SERVICE", "estadoEstacion": "http://vocab.linkeddata.es/datosabiertos/kos/transporte/bicicleta-publica/tipo-estado-estacion/no-operativa", "address": "52-Villahermosa: F. y López", "tipoEquipamiento": "http://vocab.linkeddata.es/datosabiertos/kos/urbanismo-infraestructuras/equipamiento/tipo-equipamiento/estacion-de-bicicletas", "bicisDisponibles": 8, "anclajesDisponibles": 11, "lastUpdated": "2026-02-25T17:08:04Z", "description": "<ul><li>Estado: Operativa</li><li>Bicis disponibles: 8</li><li>Anclajes disponibles: 11</li></ul><p>Actualizado: 17:08</p>", "descripcion": "Datos de la estación bizi 52-Villahermosa: F. y López", "icon": "//www.zaragoza.es/contenidos/iconos/bizi/conbicis.png", "capacity": 19, "ratio_ocupacion": 0.42105263157894735 }, "geometry": { "type": "Point", "coordinates": [ -0.902320455672238, 41.648133221801125 ] } },
{ "type": "Feature", "properties": { "id": "76", "about": "http://www.zaragoza.es/ciudad/viapublica/movilidad/bici/detalle_Bizi?oid=76", "title": "50-S. J. Bosco: Universidad", "estado": "IN_SERVICE", "estadoEstacion": "http://vocab.linkeddata.es/datosabiertos/kos/transporte/bicicleta-publica/tipo-estado-estacion/no-operativa", "address": "50-S. J. Bosco: Universidad", "tipoEquipamiento": "http://vocab.linkeddata.es/datosabiertos/kos/urbanismo-infraestructuras/equipamiento/tipo-equipamiento/estacion-de-bicicletas", "bicisDisponibles": 17, "anclajesDisponibles": 6, "lastUpdated": "2026-02-25T17:08:03Z", "description": "<ul><li>Estado: Operativa</li><li>Bicis disponibles: 17</li><li>Anclajes disponibles: 6</li></ul><p>Actualizado: 17:08</p>", "descripcion": "Datos de la estación bizi 50-S. J. Bosco: Universidad", "icon": "//www.zaragoza.es/contenidos/iconos/bizi/conbicis.png", "capacity": 23, "ratio_ocupacion": 0.73913043478260865 }, "geometry": { "type": "Point", "coordinates": [ -0.900296544484949, 41.644602194914974 ] } },
{ "type": "Feature", "properties": { "id": "75", "about": "http://www.zaragoza.es/ciudad/viapublica/movilidad/bici/detalle_Bizi?oid=75", "title": "49-Gta. Zagríes", "estado": "IN_SERVICE", "estadoEstacion": "http://vocab.linkeddata.es/datosabiertos/kos/transporte/bicicleta-publica/tipo-estado-estacion/no-operativa", "address": "49-Gta. Zagríes", "tipoEquipamiento": "http://vocab.linkeddata.es/datosabiertos/kos/urbanismo-infraestructuras/equipamiento/tipo-equipamiento/estacion-de-bicicletas", "bicisDisponibles": 5, "anclajesDisponibles": 12, "lastUpdated": "2026-02-25T17:08:03Z", "description": "<ul><li>Estado: Operativa</li><li>Bicis disponibles: 5</li><li>Anclajes disponibles: 12</li></ul><p>Actualizado: 17:08</p>", "descripcion": "Datos de la estación bizi 49-Gta. Zagríes", "icon": "//www.zaragoza.es/contenidos/iconos/bizi/conbicis.png", "capacity": 17, "ratio_ocupacion": 0.29411764705882354 }, "geometry": { "type": "Point", "coordinates": [ -0.893873448716128, 41.648087076811919 ] } },
{ "type": "Feature", "properties": { "id": "74", "about": "http://www.zaragoza.es/ciudad/viapublica/movilidad/bici/detalle_Bizi?oid=74", "title": "46-Goya. Gracián", "estado": "IN_SERVICE", "estadoEstacion": "http://vocab.linkeddata.es/datosabiertos/kos/transporte/bicicleta-publica/tipo-estado-estacion/no-operativa", "address": "46-Goya. Gracián", "tipoEquipamiento": "http://vocab.linkeddata.es/datosabiertos/kos/urbanismo-infraestructuras/equipamiento/tipo-equipamiento/estacion-de-bicicletas", "bicisDisponibles": 12, "anclajesDisponibles": 2, "lastUpdated": "2026-02-25T17:08:03Z", "description": "<ul><li>Estado: Operativa</li><li>Bicis disponibles: 12</li><li>Anclajes disponibles: 2</li></ul><p>Actualizado: 17:08</p>", "descripcion": "Datos de la estación bizi 46-Goya. Gracián", "icon": "//www.zaragoza.es/contenidos/iconos/bizi/conbicis.png", "capacity": 14, "ratio_ocupacion": 0.8571428571428571 }, "geometry": { "type": "Point", "coordinates": [ -0.892716540677764, 41.6444600650605 ] } },
{ "type": "Feature", "properties": { "id": "73", "about": "http://www.zaragoza.es/ciudad/viapublica/movilidad/bici/detalle_Bizi?oid=73", "title": "45-Gran Vía. Paraninfo", "estado": "IN_SERVICE", "estadoEstacion": "http://vocab.linkeddata.es/datosabiertos/kos/transporte/bicicleta-publica/tipo-estado-estacion/no-operativa", "address": "45-Gran Vía. Paraninfo", "tipoEquipamiento": "http://vocab.linkeddata.es/datosabiertos/kos/urbanismo-infraestructuras/equipamiento/tipo-equipamiento/estacion-de-bicicletas", "bicisDisponibles": 13, "anclajesDisponibles": 14, "lastUpdated": "2026-02-25T17:08:03Z", "description": "<ul><li>Estado: Operativa</li><li>Bicis disponibles: 13</li><li>Anclajes disponibles: 14</li></ul><p>Actualizado: 17:08</p>", "descripcion": "Datos de la estación bizi 45-Gran Vía. Paraninfo", "icon": "//www.zaragoza.es/contenidos/iconos/bizi/conbicis.png", "capacity": 27, "ratio_ocupacion": 0.48148148148148145 }, "geometry": { "type": "Point", "coordinates": [ -0.887664482922376, 41.646519973689806 ] } },
{ "type": "Feature", "properties": { "id": "72", "about": "http://www.zaragoza.es/ciudad/viapublica/movilidad/bici/detalle_Bizi?oid=72", "title": "44-Sagasta: Cno. Torres", "estado": "IN_SERVICE", "estadoEstacion": "http://vocab.linkeddata.es/datosabiertos/kos/transporte/bicicleta-publica/tipo-estado-estacion/no-operativa", "address": "44-Sagasta: Cno. Torres", "tipoEquipamiento": "http://vocab.linkeddata.es/datosabiertos/kos/urbanismo-infraestructuras/equipamiento/tipo-equipamiento/estacion-de-bicicletas", "bicisDisponibles": 5, "anclajesDisponibles": 26, "lastUpdated": "2026-02-25T17:08:03Z", "description": "<ul><li>Estado: Operativa</li><li>Bicis disponibles: 5</li><li>Anclajes disponibles: 26</li></ul><p>Actualizado: 17:08</p>", "descripcion": "Datos de la estación bizi 44-Sagasta: Cno. Torres", "icon": "//www.zaragoza.es/contenidos/iconos/bizi/conbicis.png", "capacity": 31, "ratio_ocupacion": 0.16129032258064516 }, "geometry": { "type": "Point", "coordinates": [ -0.886540639461763, 41.640367968178495 ] } },
{ "type": "Feature", "properties": { "id": "71", "about": "http://www.zaragoza.es/ciudad/viapublica/movilidad/bici/detalle_Bizi?oid=71", "title": "43-Goya: Domenech", "estado": "IN_SERVICE", "estadoEstacion": "http://vocab.linkeddata.es/datosabiertos/kos/transporte/bicicleta-publica/tipo-estado-estacion/no-operativa", "address": "43-Goya: Domenech", "tipoEquipamiento": "http://vocab.linkeddata.es/datosabiertos/kos/urbanismo-infraestructuras/equipamiento/tipo-equipamiento/estacion-de-bicicletas", "bicisDisponibles": 16, "anclajesDisponibles": 7, "lastUpdated": "2026-02-25T17:08:03Z", "description": "<ul><li>Estado: Operativa</li><li>Bicis disponibles: 16</li><li>Anclajes disponibles: 7</li></ul><p>Actualizado: 17:08</p>", "descripcion": "Datos de la estación bizi 43-Goya: Domenech", "icon": "//www.zaragoza.es/contenidos/iconos/bizi/conbicis.png", "capacity": 23, "ratio_ocupacion": 0.69565217391304346 }, "geometry": { "type": "Point", "coordinates": [ -0.888012573612873, 41.642994987568059 ] } },
{ "type": "Feature", "properties": { "id": "70", "about": "http://www.zaragoza.es/ciudad/viapublica/movilidad/bici/detalle_Bizi?oid=70", "title": "40-Alierta: Burriel", "estado": "IN_SERVICE", "estadoEstacion": "http://vocab.linkeddata.es/datosabiertos/kos/transporte/bicicleta-publica/tipo-estado-estacion/no-operativa", "address": "40-Alierta: Burriel", "tipoEquipamiento": "http://vocab.linkeddata.es/datosabiertos/kos/urbanismo-infraestructuras/equipamiento/tipo-equipamiento/estacion-de-bicicletas", "bicisDisponibles": 0, "anclajesDisponibles": 19, "lastUpdated": "2026-02-25T17:08:03Z", "description": "<ul><li>Estado: Operativa</li><li>Bicis disponibles: 0</li><li>Anclajes disponibles: 19</li></ul><p>Actualizado: 17:08</p>", "descripcion": "Datos de la estación bizi 40-Alierta: Burriel", "icon": "//www.zaragoza.es/contenidos/iconos/bizi/sinbicis.png", "capacity": 19, "ratio_ocupacion": 0.0 }, "geometry": { "type": "Point", "coordinates": [ -0.875142580942078, 41.642211768377138 ] } },
{ "type": "Feature", "properties": { "id": "69", "about": "http://www.zaragoza.es/ciudad/viapublica/movilidad/bici/detalle_Bizi?oid=69", "title": "39-Alierta: Cno. Torres", "estado": "IN_SERVICE", "estadoEstacion": "http://vocab.linkeddata.es/datosabiertos/kos/transporte/bicicleta-publica/tipo-estado-estacion/no-operativa", "address": "39-Alierta: Cno. Torres", "tipoEquipamiento": "http://vocab.linkeddata.es/datosabiertos/kos/urbanismo-infraestructuras/equipamiento/tipo-equipamiento/estacion-de-bicicletas", "bicisDisponibles": 4, "anclajesDisponibles": 18, "lastUpdated": "2026-02-25T17:08:03Z", "description": "<ul><li>Estado: Operativa</li><li>Bicis disponibles: 4</li><li>Anclajes disponibles: 18</li></ul><p>Actualizado: 17:08</p>", "descripcion": "Datos de la estación bizi 39-Alierta: Cno. Torres", "icon": "//www.zaragoza.es/contenidos/iconos/bizi/conbicis.png", "capacity": 22, "ratio_ocupacion": 0.18181818181818182 }, "geometry": { "type": "Point", "coordinates": [ -0.877575503333665, 41.645340803100822 ] } },
{ "type": "Feature", "properties": { "id": "68", "about": "http://www.zaragoza.es/ciudad/viapublica/movilidad/bici/detalle_Bizi?oid=68", "title": "38-Roger Tur", "estado": "IN_SERVICE", "estadoEstacion": "http://vocab.linkeddata.es/datosabiertos/kos/transporte/bicicleta-publica/tipo-estado-estacion/no-operativa", "address": "38-Roger Tur", "tipoEquipamiento": "http://vocab.linkeddata.es/datosabiertos/kos/urbanismo-infraestructuras/equipamiento/tipo-equipamiento/estacion-de-bicicletas", "bicisDisponibles": 2, "anclajesDisponibles": 16, "lastUpdated": "2026-02-25T17:08:03Z", "description": "<ul><li>Estado: Operativa</li><li>Bicis disponibles: 2</li><li>Anclajes disponibles: 16</li></ul><p>Actualizado: 17:08</p>", "descripcion": "Datos de la estación bizi 38-Roger Tur", "icon": "//www.zaragoza.es/contenidos/iconos/bizi/conbicis.png", "capacity": 18, "ratio_ocupacion": 0.1111111111111111 }, "geometry": { "type": "Point", "coordinates": [ -0.87229645321295, 41.647102708488227 ] } },
{ "type": "Feature", "properties": { "id": "67", "about": "http://www.zaragoza.es/ciudad/viapublica/movilidad/bici/detalle_Bizi?oid=67", "title": "37-Ballesteros", "estado": "IN_SERVICE", "estadoEstacion": "http://vocab.linkeddata.es/datosabiertos/kos/transporte/bicicleta-publica/tipo-estado-estacion/no-operativa", "address": "37-Ballesteros", "tipoEquipamiento": "http://vocab.linkeddata.es/datosabiertos/kos/urbanismo-infraestructuras/equipamiento/tipo-equipamiento/estacion-de-bicicletas", "bicisDisponibles": 18, "anclajesDisponibles": 0, "lastUpdated": "2026-02-25T17:08:03Z", "description": "<ul><li>Estado: Operativa</li><li>Bicis disponibles: 18</li><li>Anclajes disponibles: 0</li></ul><p>Actualizado: 17:08</p>", "descripcion": "Datos de la estación bizi 37-Ballesteros", "icon": "//www.zaragoza.es/contenidos/iconos/bizi/conbicis.png", "capacity": 18, "ratio_ocupacion": 1.0 }, "geometry": { "type": "Point", "coordinates": [ -0.868599503528264, 41.644992649784356 ] } },
{ "type": "Feature", "properties": { "id": "66", "about": "http://www.zaragoza.es/ciudad/viapublica/movilidad/bici/detalle_Bizi?oid=66", "title": "36-Silvestre Pérez", "estado": "IN_SERVICE", "estadoEstacion": "http://vocab.linkeddata.es/datosabiertos/kos/transporte/bicicleta-publica/tipo-estado-estacion/no-operativa", "address": "36-Silvestre Pérez", "tipoEquipamiento": "http://vocab.linkeddata.es/datosabiertos/kos/urbanismo-infraestructuras/equipamiento/tipo-equipamiento/estacion-de-bicicletas", "bicisDisponibles": 8, "anclajesDisponibles": 10, "lastUpdated": "2026-02-25T17:08:03Z", "description": "<ul><li>Estado: Operativa</li><li>Bicis disponibles: 8</li><li>Anclajes disponibles: 10</li></ul><p>Actualizado: 17:08</p>", "descripcion": "Datos de la estación bizi 36-Silvestre Pérez", "icon": "//www.zaragoza.es/contenidos/iconos/bizi/conbicis.png", "capacity": 18, "ratio_ocupacion": 0.44444444444444442 }, "geometry": { "type": "Point", "coordinates": [ -0.866879413692683, 41.648448612434365 ] } },
{ "type": "Feature", "properties": { "id": "65", "about": "http://www.zaragoza.es/ciudad/viapublica/movilidad/bici/detalle_Bizi?oid=65", "title": "27-CP Joaquín Costa", "estado": "IN_SERVICE", "estadoEstacion": "http://vocab.linkeddata.es/datosabiertos/kos/transporte/bicicleta-publica/tipo-estado-estacion/no-operativa", "address": "27-CP Joaquín Costa", "tipoEquipamiento": "http://vocab.linkeddata.es/datosabiertos/kos/urbanismo-infraestructuras/equipamiento/tipo-equipamiento/estacion-de-bicicletas", "bicisDisponibles": 0, "anclajesDisponibles": 23, "lastUpdated": "2026-02-25T17:08:03Z", "description": "<ul><li>Estado: Operativa</li><li>Bicis disponibles: 0</li><li>Anclajes disponibles: 23</li></ul><p>Actualizado: 17:08</p>", "descripcion": "Datos de la estación bizi 27-CP Joaquín Costa", "icon": "//www.zaragoza.es/contenidos/iconos/bizi/sinbicis.png", "capacity": 23, "ratio_ocupacion": 0.0 }, "geometry": { "type": "Point", "coordinates": [ -0.891478347575656, 41.651939027032014 ] } },
{ "type": "Feature", "properties": { "id": "64", "about": "http://www.zaragoza.es/ciudad/viapublica/movilidad/bici/detalle_Bizi?oid=64", "title": "26-Pta. del Carmen", "estado": "IN_SERVICE", "estadoEstacion": "http://vocab.linkeddata.es/datosabiertos/kos/transporte/bicicleta-publica/tipo-estado-estacion/no-operativa", "address": "26-Pta. del Carmen", "tipoEquipamiento": "http://vocab.linkeddata.es/datosabiertos/kos/urbanismo-infraestructuras/equipamiento/tipo-equipamiento/estacion-de-bicicletas", "bicisDisponibles": 1, "anclajesDisponibles": 22, "lastUpdated": "2026-02-25T17:08:03Z", "description": "<ul><li>Estado: Operativa</li><li>Bicis disponibles: 1</li><li>Anclajes disponibles: 22</li></ul><p>Actualizado: 17:08</p>", "descripcion": "Datos de la estación bizi 26-Pta. del Carmen", "icon": "//www.zaragoza.es/contenidos/iconos/bizi/conbicis.png", "capacity": 23, "ratio_ocupacion": 0.043478260869565216 }, "geometry": { "type": "Point", "coordinates": [ -0.887148400581342, 41.649712957656547 ] } },
{ "type": "Feature", "properties": { "id": "63", "about": "http://www.zaragoza.es/ciudad/viapublica/movilidad/bici/detalle_Bizi?oid=63", "title": "25-Plaza Los Sitios", "estado": "IN_SERVICE", "estadoEstacion": "http://vocab.linkeddata.es/datosabiertos/kos/transporte/bicicleta-publica/tipo-estado-estacion/no-operativa", "address": "25-Plaza Los Sitios", "tipoEquipamiento": "http://vocab.linkeddata.es/datosabiertos/kos/urbanismo-infraestructuras/equipamiento/tipo-equipamiento/estacion-de-bicicletas", "bicisDisponibles": 4, "anclajesDisponibles": 18, "lastUpdated": "2026-02-25T17:08:03Z", "description": "<ul><li>Estado: Operativa</li><li>Bicis disponibles: 4</li><li>Anclajes disponibles: 18</li></ul><p>Actualizado: 17:08</p>", "descripcion": "Datos de la estación bizi 25-Plaza Los Sitios", "icon": "//www.zaragoza.es/contenidos/iconos/bizi/conbicis.png", "capacity": 22, "ratio_ocupacion": 0.18181818181818182 }, "geometry": { "type": "Point", "coordinates": [ -0.880017426941073, 41.648418838099005 ] } },
{ "type": "Feature", "properties": { "id": "62", "about": "http://www.zaragoza.es/ciudad/viapublica/movilidad/bici/detalle_Bizi?oid=62", "title": "24-S. Pedro Nolasco", "estado": "IN_SERVICE", "estadoEstacion": "http://vocab.linkeddata.es/datosabiertos/kos/transporte/bicicleta-publica/tipo-estado-estacion/no-operativa", "address": "24-S. Pedro Nolasco", "tipoEquipamiento": "http://vocab.linkeddata.es/datosabiertos/kos/urbanismo-infraestructuras/equipamiento/tipo-equipamiento/estacion-de-bicicletas", "bicisDisponibles": 2, "anclajesDisponibles": 20, "lastUpdated": "2026-02-25T17:08:03Z", "description": "<ul><li>Estado: Operativa</li><li>Bicis disponibles: 2</li><li>Anclajes disponibles: 20</li></ul><p>Actualizado: 17:08</p>", "descripcion": "Datos de la estación bizi 24-S. Pedro Nolasco", "icon": "//www.zaragoza.es/contenidos/iconos/bizi/conbicis.png", "capacity": 22, "ratio_ocupacion": 0.090909090909090912 }, "geometry": { "type": "Point", "coordinates": [ -0.877253316063899, 41.652650781078009 ] } },
{ "type": "Feature", "properties": { "id": "61", "about": "http://www.zaragoza.es/ciudad/viapublica/movilidad/bici/detalle_Bizi?oid=61", "title": "21-Aranda: C. Augusto", "estado": "IN_SERVICE", "estadoEstacion": "http://vocab.linkeddata.es/datosabiertos/kos/transporte/bicicleta-publica/tipo-estado-estacion/no-operativa", "address": "21-Aranda: C. Augusto", "tipoEquipamiento": "http://vocab.linkeddata.es/datosabiertos/kos/urbanismo-infraestructuras/equipamiento/tipo-equipamiento/estacion-de-bicicletas", "bicisDisponibles": 7, "anclajesDisponibles": 16, "lastUpdated": "2026-02-25T17:08:03Z", "description": "<ul><li>Estado: Operativa</li><li>Bicis disponibles: 7</li><li>Anclajes disponibles: 16</li></ul><p>Actualizado: 17:08</p>", "descripcion": "Datos de la estación bizi 21-Aranda: C. Augusto", "icon": "//www.zaragoza.es/contenidos/iconos/bizi/conbicis.png", "capacity": 23, "ratio_ocupacion": 0.30434782608695654 }, "geometry": { "type": "Point", "coordinates": [ -0.884218279849351, 41.65431689695918 ] } },
{ "type": "Feature", "properties": { "id": "60", "about": "http://www.zaragoza.es/ciudad/viapublica/movilidad/bici/detalle_Bizi?oid=60", "title": "19-Asalto. Servet", "estado": "IN_SERVICE", "estadoEstacion": "http://vocab.linkeddata.es/datosabiertos/kos/transporte/bicicleta-publica/tipo-estado-estacion/no-operativa", "address": "19-Asalto. Servet", "tipoEquipamiento": "http://vocab.linkeddata.es/datosabiertos/kos/urbanismo-infraestructuras/equipamiento/tipo-equipamiento/estacion-de-bicicletas", "bicisDisponibles": 2, "anclajesDisponibles": 21, "lastUpdated": "2026-02-25T17:08:03Z", "description": "<ul><li>Estado: Operativa</li><li>Bicis disponibles: 2</li><li>Anclajes disponibles: 21</li></ul><p>Actualizado: 17:08</p>", "descripcion": "Datos de la estación bizi 19-Asalto. Servet", "icon": "//www.zaragoza.es/contenidos/iconos/bizi/conbicis.png", "capacity": 23, "ratio_ocupacion": 0.086956521739130432 }, "geometry": { "type": "Point", "coordinates": [ -0.8756604081942, 41.648989761990109 ] } },
{ "type": "Feature", "properties": { "id": "59", "about": "http://www.zaragoza.es/ciudad/viapublica/movilidad/bici/detalle_Bizi?oid=59", "title": "17-Constitución: Pza. Aragón", "estado": "IN_SERVICE", "estadoEstacion": "http://vocab.linkeddata.es/datosabiertos/kos/transporte/bicicleta-publica/tipo-estado-estacion/no-operativa", "address": "17-Constitución: Pza. Aragón", "tipoEquipamiento": "http://vocab.linkeddata.es/datosabiertos/kos/urbanismo-infraestructuras/equipamiento/tipo-equipamiento/estacion-de-bicicletas", "bicisDisponibles": 4, "anclajesDisponibles": 22, "lastUpdated": "2026-02-25T17:08:03Z", "description": "<ul><li>Estado: Operativa</li><li>Bicis disponibles: 4</li><li>Anclajes disponibles: 22</li></ul><p>Actualizado: 17:08</p>", "descripcion": "Datos de la estación bizi 17-Constitución: Pza. Aragón", "icon": "//www.zaragoza.es/contenidos/iconos/bizi/conbicis.png", "capacity": 26, "ratio_ocupacion": 0.15384615384615385 }, "geometry": { "type": "Point", "coordinates": [ -0.884040446557599, 41.647802908572672 ] } },
{ "type": "Feature", "properties": { "id": "58", "about": "http://www.zaragoza.es/ciudad/viapublica/movilidad/bici/detalle_Bizi?oid=58", "title": "16-Pza. España", "estado": "IN_SERVICE", "estadoEstacion": "http://vocab.linkeddata.es/datosabiertos/kos/transporte/bicicleta-publica/tipo-estado-estacion/no-operativa", "address": "16-Pza. España", "tipoEquipamiento": "http://vocab.linkeddata.es/datosabiertos/kos/urbanismo-infraestructuras/equipamiento/tipo-equipamiento/estacion-de-bicicletas", "bicisDisponibles": 7, "anclajesDisponibles": 24, "lastUpdated": "2026-02-25T17:08:03Z", "description": "<ul><li>Estado: Operativa</li><li>Bicis disponibles: 7</li><li>Anclajes disponibles: 24</li></ul><p>Actualizado: 17:08</p>", "descripcion": "Datos de la estación bizi 16-Pza. España", "icon": "//www.zaragoza.es/contenidos/iconos/bizi/conbicis.png", "capacity": 31, "ratio_ocupacion": 0.22580645161290322 }, "geometry": { "type": "Point", "coordinates": [ -0.880452337054477, 41.651946837614638 ] } },
{ "type": "Feature", "properties": { "id": "57", "about": "http://www.zaragoza.es/ciudad/viapublica/movilidad/bici/detalle_Bizi?oid=57", "title": "125-Parq. Delicias: Univérsitas", "estado": "IN_SERVICE", "estadoEstacion": "http://vocab.linkeddata.es/datosabiertos/kos/transporte/bicicleta-publica/tipo-estado-estacion/no-operativa", "address": "125-Parq. Delicias: Univérsitas", "tipoEquipamiento": "http://vocab.linkeddata.es/datosabiertos/kos/urbanismo-infraestructuras/equipamiento/tipo-equipamiento/estacion-de-bicicletas", "bicisDisponibles": 5, "anclajesDisponibles": 14, "lastUpdated": "2026-02-25T17:08:03Z", "description": "<ul><li>Estado: Operativa</li><li>Bicis disponibles: 5</li><li>Anclajes disponibles: 14</li></ul><p>Actualizado: 17:08</p>", "descripcion": "Datos de la estación bizi 125-Parq. Delicias: Univérsitas", "icon": "//www.zaragoza.es/contenidos/iconos/bizi/conbicis.png", "capacity": 19, "ratio_ocupacion": 0.26315789473684209 }, "geometry": { "type": "Point", "coordinates": [ -0.90922144005603, 41.649024333809187 ] } },
{ "type": "Feature", "properties": { "id": "56", "about": "http://www.zaragoza.es/ciudad/viapublica/movilidad/bici/detalle_Bizi?oid=56", "title": "119-Sainz Varanda: J. Carlos I", "estado": "IN_SERVICE", "estadoEstacion": "http://vocab.linkeddata.es/datosabiertos/kos/transporte/bicicleta-publica/tipo-estado-estacion/no-operativa", "address": "119-Sainz Varanda: J. Carlos I", "tipoEquipamiento": "http://vocab.linkeddata.es/datosabiertos/kos/urbanismo-infraestructuras/equipamiento/tipo-equipamiento/estacion-de-bicicletas", "bicisDisponibles": 1, "anclajesDisponibles": 16, "lastUpdated": "2026-02-25T17:08:03Z", "description": "<ul><li>Estado: Operativa</li><li>Bicis disponibles: 1</li><li>Anclajes disponibles: 16</li></ul><p>Actualizado: 17:08</p>", "descripcion": "Datos de la estación bizi 119-Sainz Varanda: J. Carlos I", "icon": "//www.zaragoza.es/contenidos/iconos/bizi/conbicis.png", "capacity": 17, "ratio_ocupacion": 0.058823529411764705 }, "geometry": { "type": "Point", "coordinates": [ -0.908066804360819, 41.638701538993153 ] } },
{ "type": "Feature", "properties": { "id": "55", "about": "http://www.zaragoza.es/ciudad/viapublica/movilidad/bici/detalle_Bizi?oid=55", "title": "102-Teatro Romano", "estado": "IN_SERVICE", "estadoEstacion": "http://vocab.linkeddata.es/datosabiertos/kos/transporte/bicicleta-publica/tipo-estado-estacion/no-operativa", "address": "102-Teatro Romano", "tipoEquipamiento": "http://vocab.linkeddata.es/datosabiertos/kos/urbanismo-infraestructuras/equipamiento/tipo-equipamiento/estacion-de-bicicletas", "bicisDisponibles": 6, "anclajesDisponibles": 17, "lastUpdated": "2026-02-25T17:08:03Z", "description": "<ul><li>Estado: Operativa</li><li>Bicis disponibles: 6</li><li>Anclajes disponibles: 17</li></ul><p>Actualizado: 17:08</p>", "descripcion": "Datos de la estación bizi 102-Teatro Romano", "icon": "//www.zaragoza.es/contenidos/iconos/bizi/conbicis.png", "capacity": 23, "ratio_ocupacion": 0.2608695652173913 }, "geometry": { "type": "Point", "coordinates": [ -0.877820352559097, 41.6512447939932 ] } },
{ "type": "Feature", "properties": { "id": "54", "about": "http://www.zaragoza.es/ciudad/viapublica/movilidad/bici/detalle_Bizi?oid=54", "title": "51-Plaza Roma", "estado": "IN_SERVICE", "estadoEstacion": "http://vocab.linkeddata.es/datosabiertos/kos/transporte/bicicleta-publica/tipo-estado-estacion/no-operativa", "address": "51-Plaza Roma", "tipoEquipamiento": "http://vocab.linkeddata.es/datosabiertos/kos/urbanismo-infraestructuras/equipamiento/tipo-equipamiento/estacion-de-bicicletas", "bicisDisponibles": 8, "anclajesDisponibles": 11, "lastUpdated": "2026-02-25T17:08:03Z", "description": "<ul><li>Estado: Operativa</li><li>Bicis disponibles: 8</li><li>Anclajes disponibles: 11</li></ul><p>Actualizado: 17:08</p>", "descripcion": "Datos de la estación bizi 51-Plaza Roma", "icon": "//www.zaragoza.es/contenidos/iconos/bizi/conbicis.png", "capacity": 19, "ratio_ocupacion": 0.42105263157894735 }, "geometry": { "type": "Point", "coordinates": [ -0.898633409558827, 41.649789154764925 ] } },
{ "type": "Feature", "properties": { "id": "53", "about": "http://www.zaragoza.es/ciudad/viapublica/movilidad/bici/detalle_Bizi?oid=53", "title": "129-Graus: Unceta", "estado": "IN_SERVICE", "estadoEstacion": "http://vocab.linkeddata.es/datosabiertos/kos/transporte/bicicleta-publica/tipo-estado-estacion/no-operativa", "address": "129-Graus: Unceta", "tipoEquipamiento": "http://vocab.linkeddata.es/datosabiertos/kos/urbanismo-infraestructuras/equipamiento/tipo-equipamiento/estacion-de-bicicletas", "bicisDisponibles": 7, "anclajesDisponibles": 11, "lastUpdated": "2026-02-25T17:08:03Z", "description": "<ul><li>Estado: Operativa</li><li>Bicis disponibles: 7</li><li>Anclajes disponibles: 11</li></ul><p>Actualizado: 17:08</p>", "descripcion": "Datos de la estación bizi 129-Graus: Unceta", "icon": "//www.zaragoza.es/contenidos/iconos/bizi/conbicis.png", "capacity": 18, "ratio_ocupacion": 0.3888888888888889 }, "geometry": { "type": "Point", "coordinates": [ -0.902308340296902, 41.652618211573476 ] } },
{ "type": "Feature", "properties": { "id": "52", "about": "http://www.zaragoza.es/ciudad/viapublica/movilidad/bici/detalle_Bizi?oid=52", "title": "126-Sanz Ibáñez: Rioja", "estado": "IN_SERVICE", "estadoEstacion": "http://vocab.linkeddata.es/datosabiertos/kos/transporte/bicicleta-publica/tipo-estado-estacion/no-operativa", "address": "126-Sanz Ibáñez: Rioja", "tipoEquipamiento": "http://vocab.linkeddata.es/datosabiertos/kos/urbanismo-infraestructuras/equipamiento/tipo-equipamiento/estacion-de-bicicletas", "bicisDisponibles": 3, "anclajesDisponibles": 13, "lastUpdated": "2026-02-25T17:08:03Z", "description": "<ul><li>Estado: Operativa</li><li>Bicis disponibles: 3</li><li>Anclajes disponibles: 13</li></ul><p>Actualizado: 17:08</p>", "descripcion": "Datos de la estación bizi 126-Sanz Ibáñez: Rioja", "icon": "//www.zaragoza.es/contenidos/iconos/bizi/conbicis.png", "capacity": 16, "ratio_ocupacion": 0.1875 }, "geometry": { "type": "Point", "coordinates": [ -0.910867345940169, 41.652757350776241 ] } },
{ "type": "Feature", "properties": { "id": "51", "about": "http://www.zaragoza.es/ciudad/viapublica/movilidad/bici/detalle_Bizi?oid=51", "title": "54-Calanda: Madrid", "estado": "IN_SERVICE", "estadoEstacion": "http://vocab.linkeddata.es/datosabiertos/kos/transporte/bicicleta-publica/tipo-estado-estacion/no-operativa", "address": "54-Calanda: Madrid", "tipoEquipamiento": "http://vocab.linkeddata.es/datosabiertos/kos/urbanismo-infraestructuras/equipamiento/tipo-equipamiento/estacion-de-bicicletas", "bicisDisponibles": 8, "anclajesDisponibles": 10, "lastUpdated": "2026-02-25T17:08:03Z", "description": "<ul><li>Estado: Operativa</li><li>Bicis disponibles: 8</li><li>Anclajes disponibles: 10</li></ul><p>Actualizado: 17:08</p>", "descripcion": "Datos de la estación bizi 54-Calanda: Madrid", "icon": "//www.zaragoza.es/contenidos/iconos/bizi/conbicis.png", "capacity": 18, "ratio_ocupacion": 0.44444444444444442 }, "geometry": { "type": "Point", "coordinates": [ -0.904599316428115, 41.653629248678087 ] } },
{ "type": "Feature", "properties": { "id": "49", "about": "http://www.zaragoza.es/ciudad/viapublica/movilidad/bici/detalle_Bizi?oid=49", "title": "61-Peña Oroel", "estado": "IN_SERVICE", "estadoEstacion": "http://vocab.linkeddata.es/datosabiertos/kos/transporte/bicicleta-publica/tipo-estado-estacion/no-operativa", "address": "61-Peña Oroel", "tipoEquipamiento": "http://vocab.linkeddata.es/datosabiertos/kos/urbanismo-infraestructuras/equipamiento/tipo-equipamiento/estacion-de-bicicletas", "bicisDisponibles": 3, "anclajesDisponibles": 16, "lastUpdated": "2026-02-25T17:08:03Z", "description": "<ul><li>Estado: Operativa</li><li>Bicis disponibles: 3</li><li>Anclajes disponibles: 16</li></ul><p>Actualizado: 17:08</p>", "descripcion": "Datos de la estación bizi 61-Peña Oroel", "icon": "//www.zaragoza.es/contenidos/iconos/bizi/conbicis.png", "capacity": 19, "ratio_ocupacion": 0.15789473684210525 }, "geometry": { "type": "Point", "coordinates": [ -0.873558030211133, 41.663697692538939 ] } },
{ "type": "Feature", "properties": { "id": "50", "about": "http://www.zaragoza.es/ciudad/viapublica/movilidad/bici/detalle_Bizi?oid=50", "title": "15-Portillo", "estado": "IN_SERVICE", "estadoEstacion": "http://vocab.linkeddata.es/datosabiertos/kos/transporte/bicicleta-publica/tipo-estado-estacion/no-operativa", "address": "15-Portillo", "tipoEquipamiento": "http://vocab.linkeddata.es/datosabiertos/kos/urbanismo-infraestructuras/equipamiento/tipo-equipamiento/estacion-de-bicicletas", "bicisDisponibles": 0, "anclajesDisponibles": 18, "lastUpdated": "2026-02-25T17:08:03Z", "description": "<ul><li>Estado: Operativa</li><li>Bicis disponibles: 0</li><li>Anclajes disponibles: 18</li></ul><p>Actualizado: 17:08</p>", "descripcion": "Datos de la estación bizi 15-Portillo", "icon": "//www.zaragoza.es/contenidos/iconos/bizi/sinbicis.png", "capacity": 18, "ratio_ocupacion": 0.0 }, "geometry": { "type": "Point", "coordinates": [ -0.897873237370565, 41.65294894654275 ] } },
{ "type": "Feature", "properties": { "id": "47", "about": "http://www.zaragoza.es/ciudad/viapublica/movilidad/bici/detalle_Bizi?oid=47", "title": "42-Fleta. Uncastillo", "estado": "IN_SERVICE", "estadoEstacion": "http://vocab.linkeddata.es/datosabiertos/kos/transporte/bicicleta-publica/tipo-estado-estacion/no-operativa", "address": "42-Fleta. Uncastillo", "tipoEquipamiento": "http://vocab.linkeddata.es/datosabiertos/kos/urbanismo-infraestructuras/equipamiento/tipo-equipamiento/estacion-de-bicicletas", "bicisDisponibles": 12, "anclajesDisponibles": 11, "lastUpdated": "2026-02-25T17:08:03Z", "description": "<ul><li>Estado: Operativa</li><li>Bicis disponibles: 12</li><li>Anclajes disponibles: 11</li></ul><p>Actualizado: 17:08</p>", "descripcion": "Datos de la estación bizi 42-Fleta. Uncastillo", "icon": "//www.zaragoza.es/contenidos/iconos/bizi/conbicis.png", "capacity": 23, "ratio_ocupacion": 0.52173913043478259 }, "geometry": { "type": "Point", "coordinates": [ -0.881091649484269, 41.639762875997 ] } },
{ "type": "Feature", "properties": { "id": "48", "about": "http://www.zaragoza.es/ciudad/viapublica/movilidad/bici/detalle_Bizi?oid=48", "title": "47-S. Francisco: Universidad", "estado": "IN_SERVICE", "estadoEstacion": "http://vocab.linkeddata.es/datosabiertos/kos/transporte/bicicleta-publica/tipo-estado-estacion/no-operativa", "address": "47-S. Francisco: Universidad", "tipoEquipamiento": "http://vocab.linkeddata.es/datosabiertos/kos/urbanismo-infraestructuras/equipamiento/tipo-equipamiento/estacion-de-bicicletas", "bicisDisponibles": 23, "anclajesDisponibles": 0, "lastUpdated": "2026-02-25T17:08:03Z", "description": "<ul><li>Estado: Operativa</li><li>Bicis disponibles: 23</li><li>Anclajes disponibles: 0</li></ul><p>Actualizado: 17:08</p>", "descripcion": "Datos de la estación bizi 47-S. Francisco: Universidad", "icon": "//www.zaragoza.es/contenidos/iconos/bizi/conbicis.png", "capacity": 23, "ratio_ocupacion": 1.0 }, "geometry": { "type": "Point", "coordinates": [ -0.896082916006646, 41.641655229129697 ] } },
{ "type": "Feature", "properties": { "id": "45", "about": "http://www.zaragoza.es/ciudad/viapublica/movilidad/bici/detalle_Bizi?oid=45", "title": "118-J. Carlos I: Aragonia", "estado": "IN_SERVICE", "estadoEstacion": "http://vocab.linkeddata.es/datosabiertos/kos/transporte/bicicleta-publica/tipo-estado-estacion/no-operativa", "address": "118-J. Carlos I: Aragonia", "tipoEquipamiento": "http://vocab.linkeddata.es/datosabiertos/kos/urbanismo-infraestructuras/equipamiento/tipo-equipamiento/estacion-de-bicicletas", "bicisDisponibles": 1, "anclajesDisponibles": 18, "lastUpdated": "2026-02-25T17:08:03Z", "description": "<ul><li>Estado: Operativa</li><li>Bicis disponibles: 1</li><li>Anclajes disponibles: 18</li></ul><p>Actualizado: 17:08</p>", "descripcion": "Datos de la estación bizi 118-J. Carlos I: Aragonia", "icon": "//www.zaragoza.es/contenidos/iconos/bizi/conbicis.png", "capacity": 19, "ratio_ocupacion": 0.052631578947368418 }, "geometry": { "type": "Point", "coordinates": [ -0.909144638920551, 41.641296649690879 ] } },
{ "type": "Feature", "properties": { "id": "46", "about": "http://www.zaragoza.es/ciudad/viapublica/movilidad/bici/detalle_Bizi?oid=46", "title": "29-Palacio Aljafería", "estado": "IN_SERVICE", "estadoEstacion": "http://vocab.linkeddata.es/datosabiertos/kos/transporte/bicicleta-publica/tipo-estado-estacion/no-operativa", "address": "29-Palacio Aljafería", "tipoEquipamiento": "http://vocab.linkeddata.es/datosabiertos/kos/urbanismo-infraestructuras/equipamiento/tipo-equipamiento/estacion-de-bicicletas", "bicisDisponibles": 1, "anclajesDisponibles": 17, "lastUpdated": "2026-02-25T17:08:03Z", "description": "<ul><li>Estado: Operativa</li><li>Bicis disponibles: 1</li><li>Anclajes disponibles: 17</li></ul><p>Actualizado: 17:08</p>", "descripcion": "Datos de la estación bizi 29-Palacio Aljafería", "icon": "//www.zaragoza.es/contenidos/iconos/bizi/conbicis.png", "capacity": 18, "ratio_ocupacion": 0.055555555555555552 }, "geometry": { "type": "Point", "coordinates": [ -0.896722256174101, 41.655688108710294 ] } },
{ "type": "Feature", "properties": { "id": "43", "about": "http://www.zaragoza.es/ciudad/viapublica/movilidad/bici/detalle_Bizi?oid=43", "title": "41-Pza. Schweitzer", "estado": "IN_SERVICE", "estadoEstacion": "http://vocab.linkeddata.es/datosabiertos/kos/transporte/bicicleta-publica/tipo-estado-estacion/no-operativa", "address": "41-Pza. Schweitzer", "tipoEquipamiento": "http://vocab.linkeddata.es/datosabiertos/kos/urbanismo-infraestructuras/equipamiento/tipo-equipamiento/estacion-de-bicicletas", "bicisDisponibles": 8, "anclajesDisponibles": 15, "lastUpdated": "2026-02-25T17:08:03Z", "description": "<ul><li>Estado: Operativa</li><li>Bicis disponibles: 8</li><li>Anclajes disponibles: 15</li></ul><p>Actualizado: 17:08</p>", "descripcion": "Datos de la estación bizi 41-Pza. Schweitzer", "icon": "//www.zaragoza.es/contenidos/iconos/bizi/conbicis.png", "capacity": 23, "ratio_ocupacion": 0.34782608695652173 }, "geometry": { "type": "Point", "coordinates": [ -0.882267582660875, 41.642419890223202 ] } },
{ "type": "Feature", "properties": { "id": "44", "about": "http://www.zaragoza.es/ciudad/viapublica/movilidad/bici/detalle_Bizi?oid=44", "title": "104-Madre Rafols: DGA", "estado": "IN_SERVICE", "estadoEstacion": "http://vocab.linkeddata.es/datosabiertos/kos/transporte/bicicleta-publica/tipo-estado-estacion/no-operativa", "address": "104-Madre Rafols: DGA", "tipoEquipamiento": "http://vocab.linkeddata.es/datosabiertos/kos/urbanismo-infraestructuras/equipamiento/tipo-equipamiento/estacion-de-bicicletas", "bicisDisponibles": 0, "anclajesDisponibles": 19, "lastUpdated": "2026-02-25T17:08:03Z", "description": "<ul><li>Estado: Operativa</li><li>Bicis disponibles: 0</li><li>Anclajes disponibles: 19</li></ul><p>Actualizado: 17:08</p>", "descripcion": "Datos de la estación bizi 104-Madre Rafols: DGA", "icon": "//www.zaragoza.es/contenidos/iconos/bizi/sinbicis.png", "capacity": 19, "ratio_ocupacion": 0.0 }, "geometry": { "type": "Point", "coordinates": [ -0.889508302813677, 41.65361198942761 ] } },
{ "type": "Feature", "properties": { "id": "42", "about": "http://www.zaragoza.es/ciudad/viapublica/movilidad/bici/detalle_Bizi?oid=42", "title": "18-Beltrán Martínez", "estado": "IN_SERVICE", "estadoEstacion": "http://vocab.linkeddata.es/datosabiertos/kos/transporte/bicicleta-publica/tipo-estado-estacion/no-operativa", "address": "18-Beltrán Martínez", "tipoEquipamiento": "http://vocab.linkeddata.es/datosabiertos/kos/urbanismo-infraestructuras/equipamiento/tipo-equipamiento/estacion-de-bicicletas", "bicisDisponibles": 5, "anclajesDisponibles": 18, "lastUpdated": "2026-02-25T17:08:03Z", "description": "<ul><li>Estado: Operativa</li><li>Bicis disponibles: 5</li><li>Anclajes disponibles: 18</li></ul><p>Actualizado: 17:08</p>", "descripcion": "Datos de la estación bizi 18-Beltrán Martínez", "icon": "//www.zaragoza.es/contenidos/iconos/bizi/conbicis.png", "capacity": 23, "ratio_ocupacion": 0.21739130434782608 }, "geometry": { "type": "Point", "coordinates": [ -0.869749338152036, 41.651513654771989 ] } },
{ "type": "Feature", "properties": { "id": "40", "about": "http://www.zaragoza.es/ciudad/viapublica/movilidad/bici/detalle_Bizi?oid=40", "title": "87-Aljafería: M.ª Agustín", "estado": "IN_SERVICE", "estadoEstacion": "http://vocab.linkeddata.es/datosabiertos/kos/transporte/bicicleta-publica/tipo-estado-estacion/no-operativa", "address": "87-Aljafería: M.ª Agustín", "tipoEquipamiento": "http://vocab.linkeddata.es/datosabiertos/kos/urbanismo-infraestructuras/equipamiento/tipo-equipamiento/estacion-de-bicicletas", "bicisDisponibles": 2, "anclajesDisponibles": 15, "lastUpdated": "2026-02-25T17:08:03Z", "description": "<ul><li>Estado: Operativa</li><li>Bicis disponibles: 2</li><li>Anclajes disponibles: 15</li></ul><p>Actualizado: 17:08</p>", "descripcion": "Datos de la estación bizi 87-Aljafería: M.ª Agustín", "icon": "//www.zaragoza.es/contenidos/iconos/bizi/conbicis.png", "capacity": 17, "ratio_ocupacion": 0.11764705882352941 }, "geometry": { "type": "Point", "coordinates": [ -0.893695215644519, 41.65715805339066 ] } },
{ "type": "Feature", "properties": { "id": "41", "about": "http://www.zaragoza.es/ciudad/viapublica/movilidad/bici/detalle_Bizi?oid=41", "title": "89-Echegaray: Postigo Ebro", "estado": "IN_SERVICE", "estadoEstacion": "http://vocab.linkeddata.es/datosabiertos/kos/transporte/bicicleta-publica/tipo-estado-estacion/no-operativa", "address": "89-Echegaray: Postigo Ebro", "tipoEquipamiento": "http://vocab.linkeddata.es/datosabiertos/kos/urbanismo-infraestructuras/equipamiento/tipo-equipamiento/estacion-de-bicicletas", "bicisDisponibles": 0, "anclajesDisponibles": 20, "lastUpdated": "2026-02-25T17:08:03Z", "description": "<ul><li>Estado: Operativa</li><li>Bicis disponibles: 0</li><li>Anclajes disponibles: 20</li></ul><p>Actualizado: 17:08</p>", "descripcion": "Datos de la estación bizi 89-Echegaray: Postigo Ebro", "icon": "//www.zaragoza.es/contenidos/iconos/bizi/sinbicis.png", "capacity": 20, "ratio_ocupacion": 0.0 }, "geometry": { "type": "Point", "coordinates": [ -0.885835178570012, 41.65832591569287 ] } },
{ "type": "Feature", "properties": { "id": "39", "about": "http://www.zaragoza.es/ciudad/viapublica/movilidad/bici/detalle_Bizi?oid=39", "title": "30-Pta. Sancho: Gargallo", "estado": "IN_SERVICE", "estadoEstacion": "http://vocab.linkeddata.es/datosabiertos/kos/transporte/bicicleta-publica/tipo-estado-estacion/no-operativa", "address": "30-Pta. Sancho: Gargallo", "tipoEquipamiento": "http://vocab.linkeddata.es/datosabiertos/kos/urbanismo-infraestructuras/equipamiento/tipo-equipamiento/estacion-de-bicicletas", "bicisDisponibles": 11, "anclajesDisponibles": 8, "lastUpdated": "2026-02-25T17:08:03Z", "description": "<ul><li>Estado: Operativa</li><li>Bicis disponibles: 11</li><li>Anclajes disponibles: 8</li></ul><p>Actualizado: 17:08</p>", "descripcion": "Datos de la estación bizi 30-Pta. Sancho: Gargallo", "icon": "//www.zaragoza.es/contenidos/iconos/bizi/conbicis.png", "capacity": 19, "ratio_ocupacion": 0.57894736842105265 }, "geometry": { "type": "Point", "coordinates": [ -0.901703110343895, 41.661534181186148 ] } },
{ "type": "Feature", "properties": { "id": "37", "about": "http://www.zaragoza.es/ciudad/viapublica/movilidad/bici/detalle_Bizi?oid=37", "title": "11-Pza. Europa", "estado": "IN_SERVICE", "estadoEstacion": "http://vocab.linkeddata.es/datosabiertos/kos/transporte/bicicleta-publica/tipo-estado-estacion/no-operativa", "address": "11-Pza. Europa", "tipoEquipamiento": "http://vocab.linkeddata.es/datosabiertos/kos/urbanismo-infraestructuras/equipamiento/tipo-equipamiento/estacion-de-bicicletas", "bicisDisponibles": 1, "anclajesDisponibles": 19, "lastUpdated": "2026-02-25T17:08:03Z", "description": "<ul><li>Estado: Operativa</li><li>Bicis disponibles: 1</li><li>Anclajes disponibles: 19</li></ul><p>Actualizado: 17:08</p>", "descripcion": "Datos de la estación bizi 11-Pza. Europa", "icon": "//www.zaragoza.es/contenidos/iconos/bizi/conbicis.png", "capacity": 20, "ratio_ocupacion": 0.05 }, "geometry": { "type": "Point", "coordinates": [ -0.891484156777003, 41.659373010406242 ] } },
{ "type": "Feature", "properties": { "id": "38", "about": "http://www.zaragoza.es/ciudad/viapublica/movilidad/bici/detalle_Bizi?oid=38", "title": "12-Almozara: Voluntariado", "estado": "IN_SERVICE", "estadoEstacion": "http://vocab.linkeddata.es/datosabiertos/kos/transporte/bicicleta-publica/tipo-estado-estacion/no-operativa", "address": "12-Almozara: Voluntariado", "tipoEquipamiento": "http://vocab.linkeddata.es/datosabiertos/kos/urbanismo-infraestructuras/equipamiento/tipo-equipamiento/estacion-de-bicicletas", "bicisDisponibles": 11, "anclajesDisponibles": 7, "lastUpdated": "2026-02-25T17:08:03Z", "description": "<ul><li>Estado: Operativa</li><li>Bicis disponibles: 11</li><li>Anclajes disponibles: 7</li></ul><p>Actualizado: 17:08</p>", "descripcion": "Datos de la estación bizi 12-Almozara: Voluntariado", "icon": "//www.zaragoza.es/contenidos/iconos/bizi/conbicis.png", "capacity": 18, "ratio_ocupacion": 0.61111111111111116 }, "geometry": { "type": "Point", "coordinates": [ -0.896513054849091, 41.663514087511267 ] } },
{ "type": "Feature", "properties": { "id": "35", "about": "http://www.zaragoza.es/ciudad/viapublica/movilidad/bici/detalle_Bizi?oid=35", "title": "9-Echegaray. Pte. Piedra", "estado": "IN_SERVICE", "estadoEstacion": "http://vocab.linkeddata.es/datosabiertos/kos/transporte/bicicleta-publica/tipo-estado-estacion/no-operativa", "address": "9-Echegaray. Pte. Piedra", "tipoEquipamiento": "http://vocab.linkeddata.es/datosabiertos/kos/urbanismo-infraestructuras/equipamiento/tipo-equipamiento/estacion-de-bicicletas", "bicisDisponibles": 3, "anclajesDisponibles": 19, "lastUpdated": "2026-02-25T17:08:03Z", "description": "<ul><li>Estado: Operativa</li><li>Bicis disponibles: 3</li><li>Anclajes disponibles: 19</li></ul><p>Actualizado: 17:08</p>", "descripcion": "Datos de la estación bizi 9-Echegaray. Pte. Piedra", "icon": "//www.zaragoza.es/contenidos/iconos/bizi/conbicis.png", "capacity": 22, "ratio_ocupacion": 0.13636363636363635 }, "geometry": { "type": "Point", "coordinates": [ -0.875334229669286, 41.655959740625939 ] } },
{ "type": "Feature", "properties": { "id": "36", "about": "http://www.zaragoza.es/ciudad/viapublica/movilidad/bici/detalle_Bizi?oid=36", "title": "10-Echegaray. Pte. Santiago", "estado": "IN_SERVICE", "estadoEstacion": "http://vocab.linkeddata.es/datosabiertos/kos/transporte/bicicleta-publica/tipo-estado-estacion/no-operativa", "address": "10-Echegaray. Pte. Santiago", "tipoEquipamiento": "http://vocab.linkeddata.es/datosabiertos/kos/urbanismo-infraestructuras/equipamiento/tipo-equipamiento/estacion-de-bicicletas", "bicisDisponibles": 1, "anclajesDisponibles": 21, "lastUpdated": "2026-02-25T17:08:03Z", "description": "<ul><li>Estado: Operativa</li><li>Bicis disponibles: 1</li><li>Anclajes disponibles: 21</li></ul><p>Actualizado: 17:08</p>", "descripcion": "Datos de la estación bizi 10-Echegaray. Pte. Santiago", "icon": "//www.zaragoza.es/contenidos/iconos/bizi/conbicis.png", "capacity": 22, "ratio_ocupacion": 0.045454545454545456 }, "geometry": { "type": "Point", "coordinates": [ -0.881186184538715, 41.657929836705421 ] } },
{ "type": "Feature", "properties": { "id": "34", "about": "http://www.zaragoza.es/ciudad/viapublica/movilidad/bici/detalle_Bizi?oid=34", "title": "8-Puerta del Sol", "estado": "IN_SERVICE", "estadoEstacion": "http://vocab.linkeddata.es/datosabiertos/kos/transporte/bicicleta-publica/tipo-estado-estacion/no-operativa", "address": "8-Puerta del Sol", "tipoEquipamiento": "http://vocab.linkeddata.es/datosabiertos/kos/urbanismo-infraestructuras/equipamiento/tipo-equipamiento/estacion-de-bicicletas", "bicisDisponibles": 2, "anclajesDisponibles": 21, "lastUpdated": "2026-02-25T17:08:03Z", "description": "<ul><li>Estado: Operativa</li><li>Bicis disponibles: 2</li><li>Anclajes disponibles: 21</li></ul><p>Actualizado: 17:08</p>", "descripcion": "Datos de la estación bizi 8-Puerta del Sol", "icon": "//www.zaragoza.es/contenidos/iconos/bizi/conbicis.png", "capacity": 23, "ratio_ocupacion": 0.086956521739130432 }, "geometry": { "type": "Point", "coordinates": [ -0.870556270067723, 41.654208662521754 ] } },
{ "type": "Feature", "properties": { "id": "32", "about": "http://www.zaragoza.es/ciudad/viapublica/movilidad/bici/detalle_Bizi?oid=32", "title": "3-Actur: Voluntariado", "estado": "IN_SERVICE", "estadoEstacion": "http://vocab.linkeddata.es/datosabiertos/kos/transporte/bicicleta-publica/tipo-estado-estacion/no-operativa", "address": "3-Actur: Voluntariado", "tipoEquipamiento": "http://vocab.linkeddata.es/datosabiertos/kos/urbanismo-infraestructuras/equipamiento/tipo-equipamiento/estacion-de-bicicletas", "bicisDisponibles": 5, "anclajesDisponibles": 13, "lastUpdated": "2026-02-25T17:08:03Z", "description": "<ul><li>Estado: Operativa</li><li>Bicis disponibles: 5</li><li>Anclajes disponibles: 13</li></ul><p>Actualizado: 17:08</p>", "descripcion": "Datos de la estación bizi 3-Actur: Voluntariado", "icon": "//www.zaragoza.es/contenidos/iconos/bizi/conbicis.png", "capacity": 18, "ratio_ocupacion": 0.27777777777777779 }, "geometry": { "type": "Point", "coordinates": [ -0.894471261252433, 41.667006044461544 ] } },
{ "type": "Feature", "properties": { "id": "33", "about": "http://www.zaragoza.es/ciudad/viapublica/movilidad/bici/detalle_Bizi?oid=33", "title": "7-Parque Tenerías", "estado": "IN_SERVICE", "estadoEstacion": "http://vocab.linkeddata.es/datosabiertos/kos/transporte/bicicleta-publica/tipo-estado-estacion/no-operativa", "address": "7-Parque Tenerías", "tipoEquipamiento": "http://vocab.linkeddata.es/datosabiertos/kos/urbanismo-infraestructuras/equipamiento/tipo-equipamiento/estacion-de-bicicletas", "bicisDisponibles": 9, "anclajesDisponibles": 13, "lastUpdated": "2026-02-25T17:08:03Z", "description": "<ul><li>Estado: Operativa</li><li>Bicis disponibles: 9</li><li>Anclajes disponibles: 13</li></ul><p>Actualizado: 17:08</p>", "descripcion": "Datos de la estación bizi 7-Parque Tenerías", "icon": "//www.zaragoza.es/contenidos/iconos/bizi/conbicis.png", "capacity": 22, "ratio_ocupacion": 0.40909090909090912 }, "geometry": { "type": "Point", "coordinates": [ -0.866131303659673, 41.652733589870692 ] } },
{ "type": "Feature", "properties": { "id": "30", "about": "http://www.zaragoza.es/ciudad/viapublica/movilidad/bici/detalle_Bizi?oid=30", "title": "65-Intercambiador Zambrano", "estado": "IN_SERVICE", "estadoEstacion": "http://vocab.linkeddata.es/datosabiertos/kos/transporte/bicicleta-publica/tipo-estado-estacion/no-operativa", "address": "65-Intercambiador Zambrano", "tipoEquipamiento": "http://vocab.linkeddata.es/datosabiertos/kos/urbanismo-infraestructuras/equipamiento/tipo-equipamiento/estacion-de-bicicletas", "bicisDisponibles": 4, "anclajesDisponibles": 13, "lastUpdated": "2026-02-25T17:08:03Z", "description": "<ul><li>Estado: Operativa</li><li>Bicis disponibles: 4</li><li>Anclajes disponibles: 13</li></ul><p>Actualizado: 17:08</p>", "descripcion": "Datos de la estación bizi 65-Intercambiador Zambrano", "icon": "//www.zaragoza.es/contenidos/iconos/bizi/conbicis.png", "capacity": 17, "ratio_ocupacion": 0.23529411764705882 }, "geometry": { "type": "Point", "coordinates": [ -0.886943970539159, 41.666422916408798 ] } },
{ "type": "Feature", "properties": { "id": "31", "about": "http://www.zaragoza.es/ciudad/viapublica/movilidad/bici/detalle_Bizi?oid=31", "title": "4-Atarés: Pte. Almozara", "estado": "IN_SERVICE", "estadoEstacion": "http://vocab.linkeddata.es/datosabiertos/kos/transporte/bicicleta-publica/tipo-estado-estacion/no-operativa", "address": "4-Atarés: Pte. Almozara", "tipoEquipamiento": "http://vocab.linkeddata.es/datosabiertos/kos/urbanismo-infraestructuras/equipamiento/tipo-equipamiento/estacion-de-bicicletas", "bicisDisponibles": 19, "anclajesDisponibles": 0, "lastUpdated": "2026-02-25T17:08:03Z", "description": "<ul><li>Estado: Operativa</li><li>Bicis disponibles: 19</li><li>Anclajes disponibles: 0</li></ul><p>Actualizado: 17:08</p>", "descripcion": "Datos de la estación bizi 4-Atarés: Pte. Almozara", "icon": "//www.zaragoza.es/contenidos/iconos/bizi/conbicis.png", "capacity": 19, "ratio_ocupacion": 1.0 }, "geometry": { "type": "Point", "coordinates": [ -0.888484081410547, 41.662205952451124 ] } },
{ "type": "Feature", "properties": { "id": "28", "about": "http://www.zaragoza.es/ciudad/viapublica/movilidad/bici/detalle_Bizi?oid=28", "title": "66-Neruda: Celaya", "estado": "IN_SERVICE", "estadoEstacion": "http://vocab.linkeddata.es/datosabiertos/kos/transporte/bicicleta-publica/tipo-estado-estacion/no-operativa", "address": "66-Neruda: Celaya", "tipoEquipamiento": "http://vocab.linkeddata.es/datosabiertos/kos/urbanismo-infraestructuras/equipamiento/tipo-equipamiento/estacion-de-bicicletas", "bicisDisponibles": 8, "anclajesDisponibles": 10, "lastUpdated": "2026-02-25T17:08:03Z", "description": "<ul><li>Estado: Operativa</li><li>Bicis disponibles: 8</li><li>Anclajes disponibles: 10</li></ul><p>Actualizado: 17:08</p>", "descripcion": "Datos de la estación bizi 66-Neruda: Celaya", "icon": "//www.zaragoza.es/contenidos/iconos/bizi/conbicis.png", "capacity": 18, "ratio_ocupacion": 0.44444444444444442 }, "geometry": { "type": "Point", "coordinates": [ -0.886061863938554, 41.670315892305119 ] } },
{ "type": "Feature", "properties": { "id": "29", "about": "http://www.zaragoza.es/ciudad/viapublica/movilidad/bici/detalle_Bizi?oid=29", "title": "5-Macanaz", "estado": "IN_SERVICE", "estadoEstacion": "http://vocab.linkeddata.es/datosabiertos/kos/transporte/bicicleta-publica/tipo-estado-estacion/no-operativa", "address": "5-Macanaz", "tipoEquipamiento": "http://vocab.linkeddata.es/datosabiertos/kos/urbanismo-infraestructuras/equipamiento/tipo-equipamiento/estacion-de-bicicletas", "bicisDisponibles": 6, "anclajesDisponibles": 9, "lastUpdated": "2026-02-25T17:08:03Z", "description": "<ul><li>Estado: Operativa</li><li>Bicis disponibles: 6</li><li>Anclajes disponibles: 9</li></ul><p>Actualizado: 17:08</p>", "descripcion": "Datos de la estación bizi 5-Macanaz", "icon": "//www.zaragoza.es/contenidos/iconos/bizi/conbicis.png", "capacity": 15, "ratio_ocupacion": 0.4 }, "geometry": { "type": "Point", "coordinates": [ -0.880784122818003, 41.660325824373501 ] } },
{ "type": "Feature", "properties": { "id": "26", "about": "http://www.zaragoza.es/ciudad/viapublica/movilidad/bici/detalle_Bizi?oid=26", "title": "67-Campoamor: Grancasa", "estado": "IN_SERVICE", "estadoEstacion": "http://vocab.linkeddata.es/datosabiertos/kos/transporte/bicicleta-publica/tipo-estado-estacion/no-operativa", "address": "67-Campoamor: Grancasa", "tipoEquipamiento": "http://vocab.linkeddata.es/datosabiertos/kos/urbanismo-infraestructuras/equipamiento/tipo-equipamiento/estacion-de-bicicletas", "bicisDisponibles": 15, "anclajesDisponibles": 15, "lastUpdated": "2026-02-25T17:08:03Z", "description": "<ul><li>Estado: Operativa</li><li>Bicis disponibles: 15</li><li>Anclajes disponibles: 15</li></ul><p>Actualizado: 17:08</p>", "descripcion": "Datos de la estación bizi 67-Campoamor: Grancasa", "icon": "//www.zaragoza.es/contenidos/iconos/bizi/conbicis.png", "capacity": 30, "ratio_ocupacion": 0.5 }, "geometry": { "type": "Point", "coordinates": [ -0.890070911146077, 41.66870996489908 ] } },
{ "type": "Feature", "properties": { "id": "27", "about": "http://www.zaragoza.es/ciudad/viapublica/movilidad/bici/detalle_Bizi?oid=27", "title": "94-Kasan", "estado": "IN_SERVICE", "estadoEstacion": "http://vocab.linkeddata.es/datosabiertos/kos/transporte/bicicleta-publica/tipo-estado-estacion/no-operativa", "address": "94-Kasan", "tipoEquipamiento": "http://vocab.linkeddata.es/datosabiertos/kos/urbanismo-infraestructuras/equipamiento/tipo-equipamiento/estacion-de-bicicletas", "bicisDisponibles": 13, "anclajesDisponibles": 5, "lastUpdated": "2026-02-25T17:08:03Z", "description": "<ul><li>Estado: Operativa</li><li>Bicis disponibles: 13</li><li>Anclajes disponibles: 5</li></ul><p>Actualizado: 17:08</p>", "descripcion": "Datos de la estación bizi 94-Kasan", "icon": "//www.zaragoza.es/contenidos/iconos/bizi/conbicis.png", "capacity": 18, "ratio_ocupacion": 0.72222222222222221 }, "geometry": { "type": "Point", "coordinates": [ -0.883663023770373, 41.664289864869751 ] } },
{ "type": "Feature", "properties": { "id": "25", "about": "http://www.zaragoza.es/ciudad/viapublica/movilidad/bici/detalle_Bizi?oid=25", "title": "73-Avellaneda: Xirgu", "estado": "IN_SERVICE", "estadoEstacion": "http://vocab.linkeddata.es/datosabiertos/kos/transporte/bicicleta-publica/tipo-estado-estacion/no-operativa", "address": "73-Avellaneda: Xirgu", "tipoEquipamiento": "http://vocab.linkeddata.es/datosabiertos/kos/urbanismo-infraestructuras/equipamiento/tipo-equipamiento/estacion-de-bicicletas", "bicisDisponibles": 16, "anclajesDisponibles": 3, "lastUpdated": "2026-02-25T17:08:03Z", "description": "<ul><li>Estado: Operativa</li><li>Bicis disponibles: 16</li><li>Anclajes disponibles: 3</li></ul><p>Actualizado: 17:08</p>", "descripcion": "Datos de la estación bizi 73-Avellaneda: Xirgu", "icon": "//www.zaragoza.es/contenidos/iconos/bizi/conbicis.png", "capacity": 19, "ratio_ocupacion": 0.84210526315789469 }, "geometry": { "type": "Point", "coordinates": [ -0.890944656403672, 41.6781199582 ] } },
{ "type": "Feature", "properties": { "id": "23", "about": "http://www.zaragoza.es/ciudad/viapublica/movilidad/bici/detalle_Bizi?oid=23", "title": "14-Delicias Salidas", "estado": "IN_SERVICE", "estadoEstacion": "http://vocab.linkeddata.es/datosabiertos/kos/transporte/bicicleta-publica/tipo-estado-estacion/no-operativa", "address": "14-Delicias Salidas", "tipoEquipamiento": "http://vocab.linkeddata.es/datosabiertos/kos/urbanismo-infraestructuras/equipamiento/tipo-equipamiento/estacion-de-bicicletas", "bicisDisponibles": 10, "anclajesDisponibles": 17, "lastUpdated": "2026-02-25T17:08:03Z", "description": "<ul><li>Estado: Operativa</li><li>Bicis disponibles: 10</li><li>Anclajes disponibles: 17</li></ul><p>Actualizado: 17:08</p>", "descripcion": "Datos de la estación bizi 14-Delicias Salidas", "icon": "//www.zaragoza.es/contenidos/iconos/bizi/conbicis.png", "capacity": 27, "ratio_ocupacion": 0.37037037037037035 }, "geometry": { "type": "Point", "coordinates": [ -0.908776737515878, 41.658419576155225 ] } },
{ "type": "Feature", "properties": { "id": "24", "about": "http://www.zaragoza.es/ciudad/viapublica/movilidad/bici/detalle_Bizi?oid=24", "title": "13-Avda. Francia", "estado": "IN_SERVICE", "estadoEstacion": "http://vocab.linkeddata.es/datosabiertos/kos/transporte/bicicleta-publica/tipo-estado-estacion/no-operativa", "address": "13-Avda. Francia", "tipoEquipamiento": "http://vocab.linkeddata.es/datosabiertos/kos/urbanismo-infraestructuras/equipamiento/tipo-equipamiento/estacion-de-bicicletas", "bicisDisponibles": 2, "anclajesDisponibles": 17, "lastUpdated": "2026-02-25T17:08:03Z", "description": "<ul><li>Estado: Operativa</li><li>Bicis disponibles: 2</li><li>Anclajes disponibles: 17</li></ul><p>Actualizado: 17:08</p>", "descripcion": "Datos de la estación bizi 13-Avda. Francia", "icon": "//www.zaragoza.es/contenidos/iconos/bizi/conbicis.png", "capacity": 19, "ratio_ocupacion": 0.10526315789473684 }, "geometry": { "type": "Point", "coordinates": [ -0.907297100172092, 41.662128275120047 ] } },
{ "type": "Feature", "properties": { "id": "21", "about": "http://www.zaragoza.es/ciudad/viapublica/movilidad/bici/detalle_Bizi?oid=21", "title": "6-Ribera: Pte. del Pilar", "estado": "IN_SERVICE", "estadoEstacion": "http://vocab.linkeddata.es/datosabiertos/kos/transporte/bicicleta-publica/tipo-estado-estacion/no-operativa", "address": "6-Ribera: Pte. del Pilar", "tipoEquipamiento": "http://vocab.linkeddata.es/datosabiertos/kos/urbanismo-infraestructuras/equipamiento/tipo-equipamiento/estacion-de-bicicletas", "bicisDisponibles": 9, "anclajesDisponibles": 19, "lastUpdated": "2026-02-25T17:08:03Z", "description": "<ul><li>Estado: Operativa</li><li>Bicis disponibles: 9</li><li>Anclajes disponibles: 19</li></ul><p>Actualizado: 17:08</p>", "descripcion": "Datos de la estación bizi 6-Ribera: Pte. del Pilar", "icon": "//www.zaragoza.es/contenidos/iconos/bizi/conbicis.png", "capacity": 28, "ratio_ocupacion": 0.32142857142857145 }, "geometry": { "type": "Point", "coordinates": [ -0.869681209860731, 41.656534642211824 ] } },
{ "type": "Feature", "properties": { "id": "22", "about": "http://www.zaragoza.es/ciudad/viapublica/movilidad/bici/detalle_Bizi?oid=22", "title": "68-Zambrano: Saura", "estado": "IN_SERVICE", "estadoEstacion": "http://vocab.linkeddata.es/datosabiertos/kos/transporte/bicicleta-publica/tipo-estado-estacion/no-operativa", "address": "68-Zambrano: Saura", "tipoEquipamiento": "http://vocab.linkeddata.es/datosabiertos/kos/urbanismo-infraestructuras/equipamiento/tipo-equipamiento/estacion-de-bicicletas", "bicisDisponibles": 6, "anclajesDisponibles": 11, "lastUpdated": "2026-02-25T17:08:03Z", "description": "<ul><li>Estado: Operativa</li><li>Bicis disponibles: 6</li><li>Anclajes disponibles: 11</li></ul><p>Actualizado: 17:08</p>", "descripcion": "Datos de la estación bizi 68-Zambrano: Saura", "icon": "//www.zaragoza.es/contenidos/iconos/bizi/conbicis.png", "capacity": 17, "ratio_ocupacion": 0.35294117647058826 }, "geometry": { "type": "Point", "coordinates": [ -0.889121735707403, 41.67513693377694 ] } },
{ "type": "Feature", "properties": { "id": "19", "about": "http://www.zaragoza.es/ciudad/viapublica/movilidad/bici/detalle_Bizi?oid=19", "title": "78-Jardines Concordia", "estado": "IN_SERVICE", "estadoEstacion": "http://vocab.linkeddata.es/datosabiertos/kos/transporte/bicicleta-publica/tipo-estado-estacion/no-operativa", "address": "78-Jardines Concordia", "tipoEquipamiento": "http://vocab.linkeddata.es/datosabiertos/kos/urbanismo-infraestructuras/equipamiento/tipo-equipamiento/estacion-de-bicicletas", "bicisDisponibles": 7, "anclajesDisponibles": 11, "lastUpdated": "2026-02-25T17:08:03Z", "description": "<ul><li>Estado: Operativa</li><li>Bicis disponibles: 7</li><li>Anclajes disponibles: 11</li></ul><p>Actualizado: 17:08</p>", "descripcion": "Datos de la estación bizi 78-Jardines Concordia", "icon": "//www.zaragoza.es/contenidos/iconos/bizi/conbicis.png", "capacity": 18, "ratio_ocupacion": 0.3888888888888889 }, "geometry": { "type": "Point", "coordinates": [ -0.871369850051096, 41.674005531426445 ] } },
{ "type": "Feature", "properties": { "id": "20", "about": "http://www.zaragoza.es/ciudad/viapublica/movilidad/bici/detalle_Bizi?oid=20", "title": "75-Salvador Allende", "estado": "IN_SERVICE", "estadoEstacion": "http://vocab.linkeddata.es/datosabiertos/kos/transporte/bicicleta-publica/tipo-estado-estacion/no-operativa", "address": "75-Salvador Allende", "tipoEquipamiento": "http://vocab.linkeddata.es/datosabiertos/kos/urbanismo-infraestructuras/equipamiento/tipo-equipamiento/estacion-de-bicicletas", "bicisDisponibles": 9, "anclajesDisponibles": 9, "lastUpdated": "2026-02-25T17:08:03Z", "description": "<ul><li>Estado: Operativa</li><li>Bicis disponibles: 9</li><li>Anclajes disponibles: 9</li></ul><p>Actualizado: 17:08</p>", "descripcion": "Datos de la estación bizi 75-Salvador Allende", "icon": "//www.zaragoza.es/contenidos/iconos/bizi/conbicis.png", "capacity": 18, "ratio_ocupacion": 0.5 }, "geometry": { "type": "Point", "coordinates": [ -0.876539878741336, 41.669460730639017 ] } },
{ "type": "Feature", "properties": { "id": "17", "about": "http://www.zaragoza.es/ciudad/viapublica/movilidad/bici/detalle_Bizi?oid=17", "title": "59-Plaza Mozart", "estado": "IN_SERVICE", "estadoEstacion": "http://vocab.linkeddata.es/datosabiertos/kos/transporte/bicicleta-publica/tipo-estado-estacion/no-operativa", "address": "59-Plaza Mozart", "tipoEquipamiento": "http://vocab.linkeddata.es/datosabiertos/kos/urbanismo-infraestructuras/equipamiento/tipo-equipamiento/estacion-de-bicicletas", "bicisDisponibles": 9, "anclajesDisponibles": 10, "lastUpdated": "2026-02-25T17:08:03Z", "description": "<ul><li>Estado: Operativa</li><li>Bicis disponibles: 9</li><li>Anclajes disponibles: 10</li></ul><p>Actualizado: 17:08</p>", "descripcion": "Datos de la estación bizi 59-Plaza Mozart", "icon": "//www.zaragoza.es/contenidos/iconos/bizi/conbicis.png", "capacity": 19, "ratio_ocupacion": 0.47368421052631576 }, "geometry": { "type": "Point", "coordinates": [ -0.865633072762902, 41.661763560763831 ] } },
{ "type": "Feature", "properties": { "id": "18", "about": "http://www.zaragoza.es/ciudad/viapublica/movilidad/bici/detalle_Bizi?oid=18", "title": "76-S. Juan Peña: Juslibol", "estado": "IN_SERVICE", "estadoEstacion": "http://vocab.linkeddata.es/datosabiertos/kos/transporte/bicicleta-publica/tipo-estado-estacion/no-operativa", "address": "76-S. Juan Peña: Juslibol", "tipoEquipamiento": "http://vocab.linkeddata.es/datosabiertos/kos/urbanismo-infraestructuras/equipamiento/tipo-equipamiento/estacion-de-bicicletas", "bicisDisponibles": 10, "anclajesDisponibles": 8, "lastUpdated": "2026-02-25T17:08:03Z", "description": "<ul><li>Estado: Operativa</li><li>Bicis disponibles: 10</li><li>Anclajes disponibles: 8</li></ul><p>Actualizado: 17:08</p>", "descripcion": "Datos de la estación bizi 76-S. Juan Peña: Juslibol", "icon": "//www.zaragoza.es/contenidos/iconos/bizi/conbicis.png", "capacity": 18, "ratio_ocupacion": 0.55555555555555558 }, "geometry": { "type": "Point", "coordinates": [ -0.871290853896484, 41.670200638757926 ] } },
{ "type": "Feature", "properties": { "id": "16", "about": "http://www.zaragoza.es/ciudad/viapublica/movilidad/bici/detalle_Bizi?oid=16", "title": "55-M. Cadena: M. Asso", "estado": "IN_SERVICE", "estadoEstacion": "http://vocab.linkeddata.es/datosabiertos/kos/transporte/bicicleta-publica/tipo-estado-estacion/no-operativa", "address": "55-M. Cadena: M. Asso", "tipoEquipamiento": "http://vocab.linkeddata.es/datosabiertos/kos/urbanismo-infraestructuras/equipamiento/tipo-equipamiento/estacion-de-bicicletas", "bicisDisponibles": 16, "anclajesDisponibles": 2, "lastUpdated": "2026-02-25T17:08:03Z", "description": "<ul><li>Estado: Operativa</li><li>Bicis disponibles: 16</li><li>Anclajes disponibles: 2</li></ul><p>Actualizado: 17:08</p>", "descripcion": "Datos de la estación bizi 55-M. Cadena: M. Asso", "icon": "//www.zaragoza.es/contenidos/iconos/bizi/conbicis.png", "capacity": 18, "ratio_ocupacion": 0.88888888888888884 }, "geometry": { "type": "Point", "coordinates": [ -0.861724144517973, 41.658816500329856 ] } },
{ "type": "Feature", "properties": { "id": "14", "about": "http://www.zaragoza.es/ciudad/viapublica/movilidad/bici/detalle_Bizi?oid=14", "title": "56-Oriente: Betoré", "estado": "IN_SERVICE", "estadoEstacion": "http://vocab.linkeddata.es/datosabiertos/kos/transporte/bicicleta-publica/tipo-estado-estacion/no-operativa", "address": "56-Oriente: Betoré", "tipoEquipamiento": "http://vocab.linkeddata.es/datosabiertos/kos/urbanismo-infraestructuras/equipamiento/tipo-equipamiento/estacion-de-bicicletas", "bicisDisponibles": 9, "anclajesDisponibles": 9, "lastUpdated": "2026-02-25T17:08:03Z", "description": "<ul><li>Estado: Operativa</li><li>Bicis disponibles: 9</li><li>Anclajes disponibles: 9</li></ul><p>Actualizado: 17:08</p>", "descripcion": "Datos de la estación bizi 56-Oriente: Betoré", "icon": "//www.zaragoza.es/contenidos/iconos/bizi/conbicis.png", "capacity": 18, "ratio_ocupacion": 0.5 }, "geometry": { "type": "Point", "coordinates": [ -0.858930226311572, 41.655509459882516 ] } },
{ "type": "Feature", "properties": { "id": "15", "about": "http://www.zaragoza.es/ciudad/viapublica/movilidad/bici/detalle_Bizi?oid=15", "title": "95-Longares: Fuendejalón", "estado": "IN_SERVICE", "estadoEstacion": "http://vocab.linkeddata.es/datosabiertos/kos/transporte/bicicleta-publica/tipo-estado-estacion/no-operativa", "address": "95-Longares: Fuendejalón", "tipoEquipamiento": "http://vocab.linkeddata.es/datosabiertos/kos/urbanismo-infraestructuras/equipamiento/tipo-equipamiento/estacion-de-bicicletas", "bicisDisponibles": 10, "anclajesDisponibles": 9, "lastUpdated": "2026-02-25T17:08:03Z", "description": "<ul><li>Estado: Operativa</li><li>Bicis disponibles: 10</li><li>Anclajes disponibles: 9</li></ul><p>Actualizado: 17:08</p>", "descripcion": "Datos de la estación bizi 95-Longares: Fuendejalón", "icon": "//www.zaragoza.es/contenidos/iconos/bizi/conbicis.png", "capacity": 19, "ratio_ocupacion": 0.52631578947368418 }, "geometry": { "type": "Point", "coordinates": [ -0.865348142622865, 41.659016562129928 ] } },
{ "type": "Feature", "properties": { "id": "13", "about": "http://www.zaragoza.es/ciudad/viapublica/movilidad/bici/detalle_Bizi?oid=13", "title": "57-Sobrarbe: Ribera", "estado": "IN_SERVICE", "estadoEstacion": "http://vocab.linkeddata.es/datosabiertos/kos/transporte/bicicleta-publica/tipo-estado-estacion/no-operativa", "address": "57-Sobrarbe: Ribera", "tipoEquipamiento": "http://vocab.linkeddata.es/datosabiertos/kos/urbanismo-infraestructuras/equipamiento/tipo-equipamiento/estacion-de-bicicletas", "bicisDisponibles": 18, "anclajesDisponibles": 1, "lastUpdated": "2026-02-25T17:08:03Z", "description": "<ul><li>Estado: Operativa</li><li>Bicis disponibles: 18</li><li>Anclajes disponibles: 1</li></ul><p>Actualizado: 17:08</p>", "descripcion": "Datos de la estación bizi 57-Sobrarbe: Ribera", "icon": "//www.zaragoza.es/contenidos/iconos/bizi/conbicis.png", "capacity": 19, "ratio_ocupacion": 0.94736842105263153 }, "geometry": { "type": "Point", "coordinates": [ -0.874258155437513, 41.658824715642943 ] } },
{ "type": "Feature", "properties": { "id": "11", "about": "http://www.zaragoza.es/ciudad/viapublica/movilidad/bici/detalle_Bizi?oid=11", "title": "80-Academia Gral: Allende", "estado": "IN_SERVICE", "estadoEstacion": "http://vocab.linkeddata.es/datosabiertos/kos/transporte/bicicleta-publica/tipo-estado-estacion/no-operativa", "address": "80-Academia Gral: Allende", "tipoEquipamiento": "http://vocab.linkeddata.es/datosabiertos/kos/urbanismo-infraestructuras/equipamiento/tipo-equipamiento/estacion-de-bicicletas", "bicisDisponibles": 7, "anclajesDisponibles": 12, "lastUpdated": "2026-02-25T17:08:03Z", "description": "<ul><li>Estado: Operativa</li><li>Bicis disponibles: 7</li><li>Anclajes disponibles: 12</li></ul><p>Actualizado: 17:08</p>", "descripcion": "Datos de la estación bizi 80-Academia Gral: Allende", "icon": "//www.zaragoza.es/contenidos/iconos/bizi/conbicis.png", "capacity": 19, "ratio_ocupacion": 0.36842105263157893 }, "geometry": { "type": "Point", "coordinates": [ -0.871341641959384, 41.677961621891413 ] } },
{ "type": "Feature", "properties": { "id": "12", "about": "http://www.zaragoza.es/ciudad/viapublica/movilidad/bici/detalle_Bizi?oid=12", "title": "23-Ribera. Azud", "estado": "IN_SERVICE", "estadoEstacion": "http://vocab.linkeddata.es/datosabiertos/kos/transporte/bicicleta-publica/tipo-estado-estacion/no-operativa", "address": "23-Ribera. Azud", "tipoEquipamiento": "http://vocab.linkeddata.es/datosabiertos/kos/urbanismo-infraestructuras/equipamiento/tipo-equipamiento/estacion-de-bicicletas", "bicisDisponibles": 14, "anclajesDisponibles": 1, "lastUpdated": "2026-02-25T17:08:03Z", "description": "<ul><li>Estado: Operativa</li><li>Bicis disponibles: 14</li><li>Anclajes disponibles: 1</li></ul><p>Actualizado: 17:08</p>", "descripcion": "Datos de la estación bizi 23-Ribera. Azud", "icon": "//www.zaragoza.es/contenidos/iconos/bizi/conbicis.png", "capacity": 15, "ratio_ocupacion": 0.93333333333333335 }, "geometry": { "type": "Point", "coordinates": [ -0.857962286670553, 41.653105448739282 ] } },
{ "type": "Feature", "properties": { "id": "9", "about": "http://www.zaragoza.es/ciudad/viapublica/movilidad/bici/detalle_Bizi?oid=9", "title": "34-Coso Bajo", "estado": "IN_SERVICE", "estadoEstacion": "http://vocab.linkeddata.es/datosabiertos/kos/transporte/bicicleta-publica/tipo-estado-estacion/no-operativa", "address": "34-Coso Bajo", "tipoEquipamiento": "http://vocab.linkeddata.es/datosabiertos/kos/urbanismo-infraestructuras/equipamiento/tipo-equipamiento/estacion-de-bicicletas", "bicisDisponibles": 1, "anclajesDisponibles": 27, "lastUpdated": "2026-02-25T17:08:03Z", "description": "<ul><li>Estado: Operativa</li><li>Bicis disponibles: 1</li><li>Anclajes disponibles: 27</li></ul><p>Actualizado: 17:08</p>", "descripcion": "Datos de la estación bizi 34-Coso Bajo", "icon": "//www.zaragoza.es/contenidos/iconos/bizi/conbicis.png", "capacity": 28, "ratio_ocupacion": 0.035714285714285712 }, "geometry": { "type": "Point", "coordinates": [ -0.87359933742132, 41.651682620508943 ] } },
{ "type": "Feature", "properties": { "id": "10", "about": "http://www.zaragoza.es/ciudad/viapublica/movilidad/bici/detalle_Bizi?oid=10", "title": "77-Allende: Picasso", "estado": "IN_SERVICE", "estadoEstacion": "http://vocab.linkeddata.es/datosabiertos/kos/transporte/bicicleta-publica/tipo-estado-estacion/no-operativa", "address": "77-Allende: Picasso", "tipoEquipamiento": "http://vocab.linkeddata.es/datosabiertos/kos/urbanismo-infraestructuras/equipamiento/tipo-equipamiento/estacion-de-bicicletas", "bicisDisponibles": 1, "anclajesDisponibles": 17, "lastUpdated": "2026-02-25T17:08:03Z", "description": "<ul><li>Estado: Operativa</li><li>Bicis disponibles: 1</li><li>Anclajes disponibles: 17</li></ul><p>Actualizado: 17:08</p>", "descripcion": "Datos de la estación bizi 77-Allende: Picasso", "icon": "//www.zaragoza.es/contenidos/iconos/bizi/conbicis.png", "capacity": 18, "ratio_ocupacion": 0.055555555555555552 }, "geometry": { "type": "Point", "coordinates": [ -0.877326766628039, 41.673598734684987 ] } },
{ "type": "Feature", "properties": { "id": "7", "about": "http://www.zaragoza.es/ciudad/viapublica/movilidad/bici/detalle_Bizi?oid=7", "title": "83-Majas de Goya", "estado": "IN_SERVICE", "estadoEstacion": "http://vocab.linkeddata.es/datosabiertos/kos/transporte/bicicleta-publica/tipo-estado-estacion/no-operativa", "address": "83-Majas de Goya", "tipoEquipamiento": "http://vocab.linkeddata.es/datosabiertos/kos/urbanismo-infraestructuras/equipamiento/tipo-equipamiento/estacion-de-bicicletas", "bicisDisponibles": 1, "anclajesDisponibles": 17, "lastUpdated": "2026-02-25T17:08:03Z", "description": "<ul><li>Estado: Operativa</li><li>Bicis disponibles: 1</li><li>Anclajes disponibles: 17</li></ul><p>Actualizado: 17:08</p>", "descripcion": "Datos de la estación bizi 83-Majas de Goya", "icon": "//www.zaragoza.es/contenidos/iconos/bizi/conbicis.png", "capacity": 18, "ratio_ocupacion": 0.055555555555555552 }, "geometry": { "type": "Point", "coordinates": [ -0.874355507564214, 41.686652653674621 ] } },
{ "type": "Feature", "properties": { "id": "8", "about": "http://www.zaragoza.es/ciudad/viapublica/movilidad/bici/detalle_Bizi?oid=8", "title": "31-Gargallo: Parq. Aljafería", "estado": "IN_SERVICE", "estadoEstacion": "http://vocab.linkeddata.es/datosabiertos/kos/transporte/bicicleta-publica/tipo-estado-estacion/no-operativa", "address": "31-Gargallo: Parq. Aljafería", "tipoEquipamiento": "http://vocab.linkeddata.es/datosabiertos/kos/urbanismo-infraestructuras/equipamiento/tipo-equipamiento/estacion-de-bicicletas", "bicisDisponibles": 2, "anclajesDisponibles": 17, "lastUpdated": "2026-02-25T17:08:03Z", "description": "<ul><li>Estado: Operativa</li><li>Bicis disponibles: 2</li><li>Anclajes disponibles: 17</li></ul><p>Actualizado: 17:08</p>", "descripcion": "Datos de la estación bizi 31-Gargallo: Parq. Aljafería", "icon": "//www.zaragoza.es/contenidos/iconos/bizi/conbicis.png", "capacity": 19, "ratio_ocupacion": 0.10526315789473684 }, "geometry": { "type": "Point", "coordinates": [ -0.89657894163659, 41.660139896241972 ] } },
{ "type": "Feature", "properties": { "id": "6", "about": "http://www.zaragoza.es/ciudad/viapublica/movilidad/bici/detalle_Bizi?oid=6", "title": "60-Bielsa: Cnos. Norte", "estado": "IN_SERVICE", "estadoEstacion": "http://vocab.linkeddata.es/datosabiertos/kos/transporte/bicicleta-publica/tipo-estado-estacion/no-operativa", "address": "60-Bielsa: Cnos. Norte", "tipoEquipamiento": "http://vocab.linkeddata.es/datosabiertos/kos/urbanismo-infraestructuras/equipamiento/tipo-equipamiento/estacion-de-bicicletas", "bicisDisponibles": 8, "anclajesDisponibles": 11, "lastUpdated": "2026-02-25T17:08:03Z", "description": "<ul><li>Estado: Operativa</li><li>Bicis disponibles: 8</li><li>Anclajes disponibles: 11</li></ul><p>Actualizado: 17:08</p>", "descripcion": "Datos de la estación bizi 60-Bielsa: Cnos. Norte", "icon": "//www.zaragoza.es/contenidos/iconos/bizi/conbicis.png", "capacity": 19, "ratio_ocupacion": 0.42105263157894735 }, "geometry": { "type": "Point", "coordinates": [ -0.870018959430758, 41.662434834595956 ] } },
{ "type": "Feature", "properties": { "id": "5", "about": "http://www.zaragoza.es/ciudad/viapublica/movilidad/bici/detalle_Bizi?oid=5", "title": "70-Picasso: Zambrano", "estado": "IN_SERVICE", "estadoEstacion": "http://vocab.linkeddata.es/datosabiertos/kos/transporte/bicicleta-publica/tipo-estado-estacion/no-operativa", "address": "70-Picasso: Zambrano", "tipoEquipamiento": "http://vocab.linkeddata.es/datosabiertos/kos/urbanismo-infraestructuras/equipamiento/tipo-equipamiento/estacion-de-bicicletas", "bicisDisponibles": 18, "anclajesDisponibles": 0, "lastUpdated": "2026-02-25T17:08:03Z", "description": "<ul><li>Estado: Operativa</li><li>Bicis disponibles: 18</li><li>Anclajes disponibles: 0</li></ul><p>Actualizado: 17:08</p>", "descripcion": "Datos de la estación bizi 70-Picasso: Zambrano", "icon": "//www.zaragoza.es/contenidos/iconos/bizi/conbicis.png", "capacity": 18, "ratio_ocupacion": 1.0 }, "geometry": { "type": "Point", "coordinates": [ -0.888852496490394, 41.672890634331523 ] } },
{ "type": "Feature", "properties": { "id": "4", "about": "http://www.zaragoza.es/ciudad/viapublica/movilidad/bici/detalle_Bizi?oid=4", "title": "2-Pabellón Aragón", "estado": "IN_SERVICE", "estadoEstacion": "http://vocab.linkeddata.es/datosabiertos/kos/transporte/bicicleta-publica/tipo-estado-estacion/no-operativa", "address": "2-Pabellón Aragón", "tipoEquipamiento": "http://vocab.linkeddata.es/datosabiertos/kos/urbanismo-infraestructuras/equipamiento/tipo-equipamiento/estacion-de-bicicletas", "bicisDisponibles": 0, "anclajesDisponibles": 18, "lastUpdated": "2026-02-25T17:08:03Z", "description": "<ul><li>Estado: Operativa</li><li>Bicis disponibles: 0</li><li>Anclajes disponibles: 18</li></ul><p>Actualizado: 17:08</p>", "descripcion": "Datos de la estación bizi 2-Pabellón Aragón", "icon": "//www.zaragoza.es/contenidos/iconos/bizi/sinbicis.png", "capacity": 18, "ratio_ocupacion": 0.0 }, "geometry": { "type": "Point", "coordinates": [ -0.898396848260621, 41.671304102009586 ] } },
{ "type": "Feature", "properties": { "id": "3", "about": "http://www.zaragoza.es/ciudad/viapublica/movilidad/bici/detalle_Bizi?oid=3", "title": "81-Tauromaquia", "estado": "IN_SERVICE", "estadoEstacion": "http://vocab.linkeddata.es/datosabiertos/kos/transporte/bicicleta-publica/tipo-estado-estacion/no-operativa", "address": "81-Tauromaquia", "tipoEquipamiento": "http://vocab.linkeddata.es/datosabiertos/kos/urbanismo-infraestructuras/equipamiento/tipo-equipamiento/estacion-de-bicicletas", "bicisDisponibles": 6, "anclajesDisponibles": 11, "lastUpdated": "2026-02-25T17:08:03Z", "description": "<ul><li>Estado: Operativa</li><li>Bicis disponibles: 6</li><li>Anclajes disponibles: 11</li></ul><p>Actualizado: 17:08</p>", "descripcion": "Datos de la estación bizi 81-Tauromaquia", "icon": "//www.zaragoza.es/contenidos/iconos/bizi/conbicis.png", "capacity": 17, "ratio_ocupacion": 0.35294117647058826 }, "geometry": { "type": "Point", "coordinates": [ -0.871161412376387, 41.682697907939719 ] } },
{ "type": "Feature", "properties": { "id": "2", "about": "http://www.zaragoza.es/ciudad/viapublica/movilidad/bici/detalle_Bizi?oid=2", "title": "1-Palacio Congresos", "estado": "IN_SERVICE", "estadoEstacion": "http://vocab.linkeddata.es/datosabiertos/kos/transporte/bicicleta-publica/tipo-estado-estacion/no-operativa", "address": "1-Palacio Congresos", "tipoEquipamiento": "http://vocab.linkeddata.es/datosabiertos/kos/urbanismo-infraestructuras/equipamiento/tipo-equipamiento/estacion-de-bicicletas", "bicisDisponibles": 0, "anclajesDisponibles": 19, "lastUpdated": "2026-02-25T17:08:03Z", "description": "<ul><li>Estado: Operativa</li><li>Bicis disponibles: 0</li><li>Anclajes disponibles: 19</li></ul><p>Actualizado: 17:08</p>", "descripcion": "Datos de la estación bizi 1-Palacio Congresos", "icon": "//www.zaragoza.es/contenidos/iconos/bizi/sinbicis.png", "capacity": 19, "ratio_ocupacion": 0.0 }, "geometry": { "type": "Point", "coordinates": [ -0.903722889273158, 41.669967196649765 ] } }
]
}
